ZCAP member,Handle,Joined ZCAP,Tier,Project,Grantee org,Role / evidence,Proposal link,First payment / date,Status
1337bytes (on the forum),1337bytes,May 2022,Direct grantee,Upgrade BTCPayServer Zcash Plugin for 2.1,1337bytes,Grantee (GitHub @macintoshhelper),https://github.com/ZcashCommunityGrants/zcashcommunitygrants/issues/35,May 2025,Completed
1337bytes (on the forum),1337bytes,May 2022,Direct grantee,BTCPayServer Multi-Account and 0conf Mempool Support,1337bytes,Grantee,https://github.com/ZcashCommunityGrants/zcashcommunitygrants/issues/269,May 2026,Completed
1337bytes (on the forum),1337bytes,May 2022,Direct grantee,BTCPayServer Multi-Store GraphQL Client,1337bytes,Grantee,https://github.com/ZcashCommunityGrants/zcashcommunitygrants/issues/395,"Aug 2026 (approved, not yet paid)",Open
1337bytes (on the forum),1337bytes,May 2022,Direct grantee,Elemental ZEC – Zcash UI Component Kit and Payment Processor,Elemental ZEC,Grantee,https://forum.zcashcommunity.com/t/elemental-zec-ui-component-kit-and-payment-processor/40110,Dec 2021,Completed
Adam Tucker,,May 2026,Not matched,,,,,,
Hardaeborla,,November 2024,Named grant team member,Zcash Nigeria 2025 / v2.0 / Aug-Oct / Nov-Dec / 2026,Zcash Nigeria,"Named team member, $600/month",https://github.com/ZcashCommunityGrants/zcashcommunitygrants/issues/14,Feb 2025,Completed/Open
Adrian Brink,,May 2026,Not matched,,,,,,
Aescobar Michael,,June 2026,Named grant team member,Rhea Zcash Gateway,Rhea Finance,Named team member (Operational Lead),https://github.com/ZcashCommunityGrants/zcashcommunitygrants/issues/239,Apr 2026,Completed
Aescobar Michael,,June 2026,Named grant team member,Zcash WalletConnect Integration,Noir Wallet,Named team member (Operational Lead),https://github.com/ZcashCommunityGrants/zcashcommunitygrants/issues/391,Sep 2026,Open
AidenZ (on the forum),AidenZ,November 2022,Not matched,,,,,,
Alex Bornstein,Alex_ZF,September 2023,ZF / ECC (excluded by rule),,,,,,
Alex Xiong,@alxiong,August 2026,Not matched,,,,,,
Tecnopapapi (on the forum),Tecnopapapi,September 2023,Named grant team member,ZecHub: Proposal 2024,ZecHub,"Named core team member (dismad, squirrel, Tecnopapapi)",https://forum.zcashcommunity.com/t/zechub-proposal-2024/46077,Jan 2024,Completed
Alfredo Garcia,oxarbitrage,May 2022,ZF / ECC (excluded by rule),,,,,,
AAmandita,,July 2025,Not matched,,,,,,
Amber O'Hearn,@ambimorph,Before May '21,ZF / ECC (excluded by rule),,,,,,
Andre Froes,andr9froes,June 2026,Direct grantee,Zcash Network School,Weever / Zcash.me,Grantee / project lead,https://github.com/ZcashCommunityGrants/zcashcommunitygrants/issues/266,Apr 2026,Completed
Andrew Reece,,May 2025,Not matched,,,,,,
Andrew Miller,@socrates1024,Before May '21,Not matched,,,,,,
Andrew Arnott,aarnott,September 2023,Not matched,,,,,,
Angst01 (on the forum),Angst01,December 2021,Not matched,,,,,,
Anton Livaja,,June 2026,Direct grantee,Bootstrapped and deterministic builds a la StageX,Distrust.co,Grantee / project lead (co-founder Distrust),https://github.com/ZcashCommunityGrants/zcashcommunitygrants/issues/128,Dec 2025,Open
Arlo Byrne (idky137 on the forum),idky137,December 2024,Named grant team member,"Zaino grants (Build Zaino, Completion, Respecification, Zallet Release, Release Stabilization)",Zingo Labs,Zingo Labs engineer (forum title 'Zingo Labs'; #1 Zaino contributor),https://github.com/ZcashCommunityGrants/zcashcommunitygrants/issues/16,Oct 2024,Completed
Arlo Byrne (idky137 on the forum),idky137,December 2024,Named grant team member,Build Zaino To Deprecate Zcashd (2024 proposal),Zingo Labs,Named in proposal: 'In collaboration with @idky137 and @AloeareV internally',https://forum.zcashcommunity.com/t/zingo-labs-accelerates-zcashd-deprecation-with-zaino/48545,Oct 2024,Completed
artkor (on the forum),@RuZcash,May 2021,Not matched,,,,,,
Arya Solhi,,September 2023,ZF / ECC (excluded by rule),,,,,,
Aura Brito (AuraBritoSM on the forum),AuraBritoSM,May 2024,Named grant team member,Zcash Global en Español 2025 / 2026,Zcash Español,"Named team member, $1200/month",https://github.com/ZcashCommunityGrants/zcashcommunitygrants/issues/10,Feb 2025,Completed/Open
Aura Brito (AuraBritoSM on the forum),AuraBritoSM,May 2024,Named grant team member,Zk Av Club Community Support 2025 / 2026,ZK AV Club,Named team member,https://github.com/ZcashCommunityGrants/zcashcommunitygrants/issues/11,Feb 2025,Completed/Open
Aura Brito (AuraBritoSM on the forum),AuraBritoSM,May 2024,Named grant team member,Zcash Global en Español Q4 2024,Zcash Español,Named team member ('The Zcash en Español team consists of 5 members'),https://forum.zcashcommunity.com/t/zcash-global-en-espanol-q4/49019,Nov 2024,Completed
Autotunafish (on the forum),Autotunafish,Before May '21,ZF / ECC (excluded by rule),,,,,,
Awa Sun Yin,@awasunyin,June 2026,Not matched,,,,,,
Batuhanyldrm,Batuhan,November 2024,Direct grantee,"Zcash Global Turkish 2025, Q2, Q3-4; Zcash Türkiye 2026 Q1-2, ZBase, Istanbul BW, RLAY HUB, 2026 Q3-4→2027",Batuhan / Zcash Türkiye,Grantee,https://github.com/ZcashCommunityGrants/zcashcommunitygrants/issues/7,Jan 2025,Completed/Open
bloxster (on the forum),bloxster,November 2022,Not matched,,,,,,
Bryan Gillespie,,May 2024,Named grant team member,Crypto Lounge Experience and The Hunting of The Snark,Inversed Tech,Co-founder / Chief Security Officer of Inversed Tech; forum bgillespie: 'Collaborators on the project are @LeCryptoMath and myself from Inversed Tech',https://forum.zcashcommunity.com/t/proposal-the-crypto-lounge-experience-event-in-barcelona/44729,Jul 2023,Completed
Chamus (@checkmatehere on Twitter),Chammy,May 2022,Not matched,,,,,,
Chidi,lisa001,November 2022,Direct grantee,Zcash Nigeria 2025 / v2.0 / Aug-Oct / Nov-Dec / 2026,Zcash Nigeria,Grantee / lead (lisa001),https://github.com/ZcashCommunityGrants/zcashcommunitygrants/issues/14,Feb 2025,Completed/Open
Christina Garman,,Before May '21,Not matched,,,,,,
Christopher Goes,@cwgoes,Before May '21,Not matched,,,,,,
Connor O'Hara,,August 2026,Not matched,,,,,,
Conrado Gouvea,conradoplg,December 2021,ZF / ECC (excluded by rule),,,,,,
Constance Beguier,,September 2023,Named grant team member,Zebra ZSA Integration; ZSAs in NU7 H2 2025; OrchardZSA finalization; Feature Branch Testnet,QEDIT,Named team member (Cryptography),https://github.com/ZcashCommunityGrants/zcashcommunitygrants/issues/6,Jan 2025,Completed/Open
Cosmo Guerini,,June 2026,Direct grantee,Marketing at ETHCC + Exxxotica; Berlin Blockchain Week; DWeb Camp,Zcash Grassroots Marketing Team (readymouse),Application co-owner (@cosmojg),https://github.com/ZcashCommunityGrants/zcashcommunitygrants/issues/229,Mar 2026,Completed
CuriousCoffee (on the forum),curiouscoffee,May 2022,Not matched,,,,,,
Daira Hopwood,@feministplt,Before May '21,ZF / ECC (excluded by rule),,,,,,
Danika Delano,Danika,May 2024,ZF / ECC (excluded by rule),,,,,,
Dorian,dorianvp,May 2025,Named grant team member,Zaino grants,Zingo Labs,Zingo Labs engineer (GitHub company @zingolabs; public org member; 278 Zaino commits),https://github.com/ZcashCommunityGrants/zcashcommunitygrants/issues/16,Oct 2024,Completed
Darwin Jimenez (DarwinZ on the forum),DarwinZ,May 2024,Not matched,,,,,,
David Boyer,David_Heisenberg,May 2022,Direct grantee,Zcash Short Documentary; Zcash Media Launch Plan; Zcash Media 2023,Zcash Media (37 Laines),Applicant / Producer-Writer (forum David_Heisenberg; ZF Grants team box 'David Boyer'),https://forum.zcashcommunity.com/t/zcash-media-launch-plan/41138,Aug 2021,Completed / 2023 cancelled
DC,alchemydc,August 2026,ZF / ECC (excluded by rule),,,,,,
DecentralistDan (on the forum),@decentralistdan,May 2021,Direct grantee,ZcashZeal,ZcashZeal,"Grantee (applicant decentralistdan / Dan Wolande); milestone 1 paid, then cancelled. Now ZF staff, but this grant predates that",https://forum.zcashcommunity.com/t/zcashzeal-multi-media-community-content-hub/38483,Feb 2021,Cancelled after milestone 1
Dev Ojha,valardragon,May 2026,Not matched,,,,,,
dismad (on the forum),@dismad8,May 2022,Direct grantee,ZecHub 2025; ZecHub 2026,ZecHub,"Core team, grantee",https://github.com/ZcashCommunityGrants/zcashcommunitygrants/issues/9,Jan 2025,Completed/Open
dismad (on the forum),@dismad8,May 2022,Direct grantee,ZecHub 2023; ZecHub 2024; ZecHub 2024 continued,ZecHub,Core team / applicant,https://forum.zcashcommunity.com/t/zechub-proposal-2024/46077,Mar 2023,Completed
dontbeevil,dontbeevil,November 2025,Not matched,,,,,,
Dre,dre_nesthub,June 2026,Direct grantee,Zcash Onboarding @ Web3Lagos Conference 2026,Zcash Developer Onboarding,Grantee / project lead (Drekal; forum thread posted by Dre_Nesthub),https://github.com/ZcashCommunityGrants/zcashcommunitygrants/issues/349,Jul 2026,Completed
zkcroc (on the forum),zkcroc,July 2025,Not matched,,,,,,
E-zec on the forum,E-zec,May 2024,Named grant team member,Zcash Brazil 2025 / 2026,Zcash Brazil,Named core team (Head & growth),https://github.com/ZcashCommunityGrants/zcashcommunitygrants/issues/8,Jan 2025,Completed/Open
E-zec on the forum,E-zec,May 2024,Named grant team member,Zcash Brazil 2023; Zcash Global <> Zcash Brazil 2024,Zcash Brazil,Named team member (moderator),https://forum.zcashcommunity.com/t/zcash-global-zcash-brazil/46295,Jan 2023,Completed
Edickson González (Edicksonjga on the forum),Edicksonjga,September 2023,Named grant team member,Zcash Global en Español 2025 / 2026,Zcash Español,Named team member,https://github.com/ZcashCommunityGrants/zcashcommunitygrants/issues/10,Feb 2025,Completed/Open
Edickson González (Edicksonjga on the forum),Edicksonjga,September 2023,Named grant team member,Zcash Global en Español Q4 2024,Zcash Español,Named team member ('The Zcash en Español team consists of 5 members'),https://forum.zcashcommunity.com/t/zcash-global-en-espanol-q4/49019,Nov 2024,Completed
Elise Hamdon,elisehamdon,May 2024,ZF / ECC (excluded by rule),,,,,,
Elzz,elzz-ux,November 2025,Direct grantee,Zcash Ecosystem Onboarding At Women in DeFi Summit 2026,Zcash Ecosystem Onboarding,Grantee,https://github.com/ZcashCommunityGrants/zcashcommunitygrants/issues/247,Apr 2026,Completed
Emersonian (on the forum),emersonian,December 2024,Direct grantee,Zcash Lightwalletd Infrastructure Development and Maintenance,Emersonian & Zancas,Grantee,https://forum.zcashcommunity.com/t/rfp-zcash-lightwalletd-infrastructure-development-and-maintenance/47080,Apr 2024,Completed
emmalexo,@Emmalexo,November 2025,Named grant team member,Zcash Nigeria 2025 v2.0 / Aug-Oct / Nov-Dec / 2026,Zcash Nigeria,"Named team member, $600/month",https://github.com/ZcashCommunityGrants/zcashcommunitygrants/issues/40,Jun 2025,Completed/Open
Eran Tromer,tromer,Before May '21,Named grant team member,Oblivious Message Retrieval,Columbia University,Co-proposer with Zeyu Liu; $22k paid then fully returned,https://forum.zcashcommunity.com/t/oblivious-message-retrieval/40715,Jan 2022,"Cancelled, funds returned"
Eran Tromer,tromer,Before May '21,Named grant team member,Zcash Shielded Assets - Asset Swaps and Beyond,QEDIT,"Named QEDIT team member ('includes Pablo Kogan, Alexey Koren, Constance Beguier, Eran Tromer, ...')",https://forum.zcashcommunity.com/t/zcash-shielded-assets-asset-swaps-and-beyond/44497,May 2023,Completed
Eric Vaughn,@eric_vaughn_,Before May '21,Not matched,,,,,,
Eric Tu,ec2,May 2025,Direct grantee,Chainsafe Systems (WebZjs continuation),ChainSafe,Project lead (Principal Research Engineer),https://github.com/ZcashCommunityGrants/zcashcommunitygrants/issues/2,Aug 2025,Completed
Evan Forbes,,June 2026,Not matched,,,,,,
fabacab,fabacab,May 2026,Direct grantee,ETHDenver; ETHCC; Berlin BW; DWeb Camp; ZECsy Amsterdam; ZECsy 12 Months,ZECsy / Zcash Grassroots Marketing Team,"Application co-owner, lead educator",https://github.com/ZcashCommunityGrants/zcashcommunitygrants/issues/193,Jan 2026,Completed/Open
fireice_uk (on the forum),fireice_uk,May 2021,Named grant team member,A Metamask-style browser extension for Zcash (Zephyr),Zypher,"Named team member ('Fireice is a freelance C++ developer'); milestone 1 ($30k) paid, rest cancelled",https://forum.zcashcommunity.com/t/zephyr-a-metamask-style-browser-extension-for-zcash/39112,May 2021,Cancelled after milestone 1
Cjfrankie,@Cjfrankie,October 2025,Named grant team member,Zcash Nigeria 2025 / v2.0 / Aug-Oct / Nov-Dec / 2026,Zcash Nigeria,"Named team member, $600/month",https://github.com/ZcashCommunityGrants/zcashcommunitygrants/issues/14,Feb 2025,Completed/Open
Frank Braun,frankbraun,May 2026,Not matched,,,,,,
Infinity Advisory,@Gary_Weinstein_,June 2026,Not matched,,,,,,
GGuy (on the forum),GGuy,May 2022,Not matched,,,,,,
Gordon Mohr,@gojomo,Before May '21,Not matched,,,,,,
Greg Nagy,,June 2026,Not matched,,,,,,
Hameed (on the forum),hameed,May 2021,Not matched,,,,,,
Hanh (on the forum),hanh,December 2021,Direct grantee,"Zcash Infra 1 year; BTCPayServer Orchard+UA; Coin Voting maintenance; zaino Stability (GitHub era) + Cold Wallet, YWallet, Ledger, Maya DEX, Coin Voting 2.0 etc. (2021-2025)",Hanh,Grantee (many grants),https://github.com/ZcashCommunityGrants/zcashcommunitygrants/issues/5,Mar 2021,Completed/Open
Harry Halpin,@harryhalpin,May 2021,Direct grantee,The Nym mixnet for Network Privacy for Zcash,Nym Technologies,"Applicant (thread author, Nym CEO)",https://forum.zcashcommunity.com/t/the-nym-mixnet-for-network-privacy-for-zcash/46324,Oct 2024,Open
Harsh Bajpai,,August 2026,Not matched,,,,,,
Holmes Wilson,holmesworcester,May 2021,Not matched,,,,,,
Howard Loo,hloo,Before May '21,Not matched,,,,,,
Hudson Jameson,@hudsonjameson,Before May '21,Not matched,,,,,,
Ian Miers,@secparam,Before May '21,Not matched,,,,,,
iBek Esengulov (iBek on the forum),iBek,May 2024,Not matched,,,,,,
in4crypto,,May 2021,Not matched,,,,,,
J.W. Verret,@jwverret,November 2022,Named grant team member,Pretty Good Policy for Zcash,Pretty Good Policy for Zcash,Named team member (Board Director),https://github.com/ZcashCommunityGrants/zcashcommunitygrants/issues/396,Sep 2026,Open
Jack Gavigan,@jackgavigan,Before May '21,ZF / ECC (excluded by rule),,,,,,
Jack Grigg,@str4d,Before May '21,ZF / ECC (excluded by rule),,,,,,
James Katz,james_katz,October 2023,Named grant team member,Zcash Brazil 2025 / 2026,Zcash Brazil,Named core team (Dev),https://github.com/ZcashCommunityGrants/zcashcommunitygrants/issues/8,Jan 2025,Completed/Open
James Katz,james_katz,October 2023,Named grant team member,Zcash Global <> Zcash Brazil 2024,Zcash Brazil,Named team member (Dev),https://forum.zcashcommunity.com/t/zcash-global-zcash-brazil/46295,Jan 2024,Completed
James Burrell,@jamesburrell2,May 2022,Not matched,,,,,,
JKDC (on the forum),JKDC,December 2021,Not matched,,,,,,
Jason McGee (aquietinvestor on the forum),aquietinvestor,December 2021,Not matched,,,,,,
Jason Davies,jasondavies,Before May '21,Not matched,,,,,,
gottabeJay (on the forum),gottabeJay,May 2022,Direct grantee,Telegram Anti Scam Bot - Grant Request,JRGB (Zcash Telegram admins),"Applicant (thread author, $700 retroactive grant)",https://forum.zcashcommunity.com/t/zcash-anti-scam-telegram-bot-grant/42845,May 2023,Completed
Jhonattan Ferri (devferri24 on the forum),devferri24,May 2024,Not matched,,,,,,
Jia Tian,@1vn,December 2021,Not matched,,,,,,
John Light,,Before May '21,Not matched,,,,,,
Jonathan Rouach,jonmrjr,December 2023,Direct grantee,Zebra ZSA Integration; ZSAs in NU7; Legal Compliance 2025; OrchardZSA finalization; Feature Branch Testnet,QEDIT,Grantee / application owner (@jonmrjr),https://github.com/ZcashCommunityGrants/zcashcommunitygrants/issues/6,Jan 2025,Completed/Open
Jonathan Bird (birdify on the forum),birdify,September 2023,Named grant team member,Free2Z (legal expenses; Free2Z; Preparing the Garden for Spring),Free2Z (2Z Inc),Co-founder / CFO ('founded by Skylar Saveland (CEO) and Jonathan Bird (CFO)'),https://forum.zcashcommunity.com/t/free2-whats-your/41289,May 2022,Completed
Joseph Van Geffen,@geffen,May 2021,Not matched,,,,,,
Josh Swihart,@joshs,Before May '21,ZF / ECC (excluded by rule),,,,,,
Josh,,September 2026,Not matched,,,,,,
Jhei,,November 2025,Not matched,,,,,,
Juan Carlos Carmona Calvo (Juanky on the forum),Juanky,December 2024,Named grant team member,Implement Orchard Funded Amendment; Authentic Financial Insight (Zingo! Onward),Zingo Labs,"Named team member ('Za, Juanky, Gygaxis'; juanky@zingolabs.org; forum title 'Zingo Labs')",https://forum.zcashcommunity.com/t/implement-orchard/42706,Nov 2022,Completed
Judah (on the forum),judah,November 2025,Not matched,,,,,,
Julian Abraham,,August 2026,Named grant team member,Zcash Name Service,"ZcashMe, Inc","Named team member (Protocol Engineer, Lead Engineer at ZcashMe)",https://github.com/ZcashCommunityGrants/zcashcommunitygrants/issues/298,approved May 2026 (no payout in sheet yet),Open
Kenbak,Kenbak,June 2026,Direct grantee,CipherScan,CipherScan,Grantee,https://github.com/ZcashCommunityGrants/zcashcommunitygrants/issues/179,Feb 2026,Open
Kenbak,Kenbak,June 2026,Direct grantee,Zcash Integration for the Open Wallet Standard (OWS),Atmosphere Labs,Grantee,https://github.com/ZcashCommunityGrants/zcashcommunitygrants/issues/255,Apr 2026,Completed
Emmanuel,Emmanuel,May 2025,Not matched,,,,,,
Kroy,,November 2024,Named grant team member,ZecHub 2026,ZecHub,"Named core team (@theKroy), $53,760",https://github.com/ZcashCommunityGrants/zcashcommunitygrants/issues/153,Jan 2026,Open
Kit Sturgeon (mrkit2u on the forum),mrkit2u,May 2024,Direct grantee,red·bridge Launch,RED.DEV INC,Grantee / project lead (@kitpub),https://github.com/ZcashCommunityGrants/zcashcommunitygrants/issues/335,approved Jun 2026; label 'Startup Payment Completed' (not yet in the sheet),Open
Kit Sturgeon (mrkit2u on the forum),mrkit2u,May 2024,Direct grantee,Zcash-Avalanche Elastic Subnet Bridge,red·dev (RedDev),Applicant (forum mrkit2u),https://forum.zcashcommunity.com/t/zcash-elastic-subnet-bridge-on-avalanche/44220,May 2023,Open
Kris Nuttycombe,nuttycom,May 2021,ZF / ECC (excluded by rule),,,,,,
Kurt Opsahl,@kurtopsahl,November 2022,Not matched,,,,,,
kworks (on the forum),kworks,December 2023,Not matched,,,,,,
L Winslow,,August 2026,Not matched,,,,,,
LaDale Terrell (Lowo88 on forum),Lowo88,May 2024,Not matched,,,,,,
Liz Steininger,@liz315,Before May '21,Not matched,,,,,,
Lucas,,June 2026,Not matched,,,,,,
Luke,,June 2026,Not matched,,,,,,
Luke Parker,@kayabanerve,December 2021,Not matched,,,,,,
Madars Virza,@MadarsV,Before May '21,Not matched,,,,,,
Marek,https://twitter.com/upbqdn,May 2022,ZF / ECC (excluded by rule),,,,,,
Mario Laul,mlphresearch,May 2021,Not matched,,,,,,
Mark Henderson,aphelionz,September 2023,Direct grantee,Ziggurat 1.0 / 2.0 / 3.0; Zcash UniFFI Library,Equilibrium,"Applicant / project lead ('Mark here from Equilibrium', VP Engineering)",https://forum.zcashcommunity.com/t/ziggurat-the-zcash-network-stability-framework/38758,Mar 2021,Completed
Max Hampshire,maxnym,May 2026,Named grant team member,The Nym mixnet for Network Privacy for Zcash,Nym Technologies,Nym team; posts grant updates as maxnym,https://forum.zcashcommunity.com/t/revised-nym-for-zcash-network-level-privacy/46688,Oct 2024,Open
Maxime Desalle,,August 2026,"Approved, $0 paid",Mastering Zcash Video Series,maxdesalle,Approved then cancelled; $0 paid,https://github.com/ZcashCommunityGrants/zcashcommunitygrants/issues/263,Apr 2026,"Cancelled, $0 paid"
Maximilian Roszko,MaximilianR,May 2022,Direct grantee,Bootstrapping liquidity for renZEC on Binance Smart Chain,Ren (RenZec),Applicant on behalf of the Ren team (forum MaximilianR),https://forum.zcashcommunity.com/t/bootstrapping-liquidity-for-renzec-on-binance-smart-chain/38849,Apr 2021,Completed
Michae2xl (on the forum),Michae2xl,May 2022,Direct grantee,"Zcash Brazil 2023, 2024 (x4), 2025, 2026",Zcash Brazil,Grantee / lead,https://github.com/ZcashCommunityGrants/zcashcommunitygrants/issues/8,Jan 2023,Completed/Open
Michae2xl (on the forum),Michae2xl,May 2022,Direct grantee,Zcash Network School,Weever / Zcash.me,Named team member,https://github.com/ZcashCommunityGrants/zcashcommunitygrants/issues/266,Apr 2026,Completed
Michael Harms,brunchtime,Before May '21,Direct grantee,1 year of ZECpages servers; ZECpages Testnet Faucet,ZecPages,"Grantee (ZECpages creator, forum BrunchTime)",https://forum.zcashcommunity.com/t/1-year-of-zecpages-servers/38823,Mar 2021,Completed
Michelle Lai,ml_sudo,May 2021,Not matched,,,,,,
Milton (on the forum),Milton,December 2024,Not matched,,,,,,
Minevg (on the forum),Minevg,November 2024,Named grant team member,Zcash Brazil 2025 / 2026,Zcash Brazil,Named core team (Design),https://github.com/ZcashCommunityGrants/zcashcommunitygrants/issues/8,Jan 2025,Completed/Open
Minevg (on the forum),Minevg,November 2024,Named grant team member,Zcash Brazil 2023; Zcash Global <> Zcash Brazil 2024,Zcash Brazil,"Named team member (Mine, design)",https://forum.zcashcommunity.com/t/zcash-global-zcash-brazil/46295,Jan 2023,Completed
MineZcash (Shawn on the forum),@minezcash,Before May '21,Not matched,,,,,,
Mucu,mucu,November 2022,Not matched,,,,,,
readymouse,readymouse,November 2025,Direct grantee,ETHDenver; ETHCC; Berlin BW; DWeb Camp; ZECsy Amsterdam; ZECsy 12 Months,readymouse / ZECsy,Grantee,https://github.com/ZcashCommunityGrants/zcashcommunitygrants/issues/193,Jan 2026,Completed/Open
Naomi Brockwell,@naomibrockwell,July 2022,Not matched,,,,,,
Natalie E.,,May 2024,Not matched,,,,,,
Natasha Mynhier,@natashamynhier,May 2022,Direct grantee,Zcash Short Documentary; Ceremony/Powers of Tau/Halo video; Zcash Media Launch Plan; Zcash Media 2023,Zcash Media (37 Laines),Director / Producer; 37 Laines 'run by Natasha Mynhier and Jeff Hammerton',https://forum.zcashcommunity.com/t/zcash-mini-documentary-educational-series/39667,Aug 2021,Completed / 2023 cancelled
Neal Jayu,,Before May '21,Not matched,,,,,,
Nick Sullivan,@grittygrease,May 2021,Not matched,,,,,,
Nick Mathewson,nickm_tor,September 2023,Direct grantee,Arti: a pure-Rust Tor implementation (2021); Arti onion services and beyond (2022-2024),Tor Project,"Applicant ('I'm Nick Mathewson, one of the co-founders of Tor')",https://forum.zcashcommunity.com/t/arti-a-pure-rust-tor-implementation-for-zcash-and-beyond/38776,Jun 2021,Completed
Oana Ciobotaru,,June 2026,Not matched,,,,,,
ogasky (on the forum),ogasky,June 2026,Direct grantee,Zcash Ghana Apr-Jun 2026; Jul-Sep 2026,ZcashGH,Grantee,https://github.com/ZcashCommunityGrants/zcashcommunitygrants/issues/252,May 2026,Completed
Olek (on the forum),Olek,September 2023,Not matched,,,,,,
Olli Tiainen,olliten,November 2025,Direct grantee,ZEC-NAM shielded airdrop protocol,Eiger / Equilibrium Group,Grantee / application owner,https://github.com/ZcashCommunityGrants/zcashcommunitygrants/issues/116,Jan 2026,Completed
Olli Tiainen,olliten,November 2025,Direct grantee,Ziggurat 1.0-3.0; Zcash UniFFI Library (2021-2023),Equilibrium,Equilibrium co-founder (org that received the grants; applicant was Mark Henderson),https://forum.zcashcommunity.com/t/ziggurat-the-zcash-network-stability-framework/38758,Mar 2021,Completed
Pablo K,PabloK,June 2026,Direct grantee,Zebra ZSA Integration; ZSAs in NU7; OrchardZSA finalization; Feature Branch Testnet,QEDIT,"Project lead (Pablo Kogan, Director of Engineering)",https://github.com/ZcashCommunityGrants/zcashcommunitygrants/issues/6,Jan 2025,Completed/Open
Pacu,Pacu (@thecodebuffet on Twitter),November 2022,Direct grantee,"Zcash Developer Relations Engineer (2025) + Zcash Wallet Community Developer 2023, 2024, 2024 Q2",Pacu,Grantee,https://github.com/ZcashCommunityGrants/zcashcommunitygrants/issues/18,Aug 2023,Completed
Paige (on the forum),Paige,December 2021,ZF / ECC (excluded by rule),,,,,,
Palmar,palmar,August 2026,Not matched,,,,,,
Patrick  Diniz,,June 2026,Not matched,,,,,,
Paul Brigner,@paulbrigner,November 2022,Direct grantee,PGP* for Crypto Events; Cypherpunk Policy Dinner,"PGP for Crypto, LLC",Grantee,https://github.com/ZcashCommunityGrants/zcashcommunitygrants/issues/65,Sep 2025,Completed
Paul Brigner,@paulbrigner,November 2022,Direct grantee,Pretty Good Policy for Zcash,Pretty Good Policy for Zcash,Named team member,https://github.com/ZcashCommunityGrants/zcashcommunitygrants/issues/396,Sep 2026,Open
Snr_dev,,May 2025,Not matched,,,,,,
Iogy (on the forum),Iogy,November 2024,Named grant team member,Zcash Brazil 2025 / 2026,Zcash Brazil,Named core team (Design),https://github.com/ZcashCommunityGrants/zcashcommunitygrants/issues/8,Jan 2025,Completed/Open
Iogy (on the forum),Iogy,November 2024,Named grant team member,Zcash Brazil 2023; Zcash Global <> Zcash Brazil 2024,Zcash Brazil,Named team member (design),https://forum.zcashcommunity.com/t/zcash-global-zcash-brazil/46295,Jan 2023,Completed
Phil Slobodian,@ZoryaSl,Before May '21,Not matched,,,,,,
philliptrudeau (on the forum),philliptrudeau,November 2025,Not matched,,,,,,
Pili Guerra,pili,September 2023,ZF / ECC (excluded by rule),,,,,,
Rene Vergara (pitmutt on the forum),pitmutt,May 2022,Direct grantee,"ZGo 2025 (Retroactive) + ZGo 2022, ZGo Support 2024, Zenith Full Node Wallet",Vergara Technologies,Grantee,https://github.com/ZcashCommunityGrants/zcashcommunitygrants/issues/137,Jun 2022,Completed
Rawbe,,May 2021,Not matched,,,,,,
Reiko on the forum,Reiko,May 2024,Not matched,,,,,,
Robmarn (on the forum),robmarn,October 2025,Named grant team member,Zcash Global en Español 2025 / 2026,Zcash Español,Named team member,https://github.com/ZcashCommunityGrants/zcashcommunitygrants/issues/10,Feb 2025,Completed/Open
Robmarn (on the forum),robmarn,October 2025,Named grant team member,Zk Av Club 2025 / 2026,ZK AV Club,Named team member,https://github.com/ZcashCommunityGrants/zcashcommunitygrants/issues/11,Feb 2025,Completed/Open
Robmarn (on the forum),robmarn,October 2025,Named grant team member,Zcash Global en Español Q4 2024,Zcash Español,Named team member ('The Zcash en Español team consists of 5 members'),https://forum.zcashcommunity.com/t/zcash-global-en-espanol-q4/49019,Nov 2024,Completed
Rodrigo Schönell,schonell,June 2026,Not matched,,,,,,
Roman Akhtariev,,June 2026,Not matched,,,,,,
Roosevelt Gordones,"Zcast, el podcast de Zcash en Español; forum user is @gordonesroo, but I will also change it to @gordonesTV",September 2023,Direct grantee,Generation Z - Educational camp for youth,Zcash Español (gordonesTV),"Grantee (applied personally), $3,500",https://forum.zcashcommunity.com/t/generation-z-grant-proposal/48434,Aug 2024,Completed
Roosevelt Gordones,"Zcast, el podcast de Zcash en Español; forum user is @gordonesroo, but I will also change it to @gordonesTV",September 2023,Direct grantee,Zcash Global en Español 2025 / 2026,Zcash Español,"Named team member, $1200/month",https://github.com/ZcashCommunityGrants/zcashcommunitygrants/issues/10,Feb 2025,Completed/Open
Roosevelt Gordones,"Zcast, el podcast de Zcash en Español; forum user is @gordonesroo, but I will also change it to @gordonesTV",September 2023,Direct grantee,Zk Av Club 2025 / 2026,ZK AV Club,Named team member,https://github.com/ZcashCommunityGrants/zcashcommunitygrants/issues/11,Feb 2025,Completed/Open
Roosevelt Gordones,"Zcast, el podcast de Zcash en Español; forum user is @gordonesroo, but I will also change it to @gordonesTV",September 2023,Direct grantee,Zcash Global en Español Q4 2024,Zcash Español,Named team member ('The Zcash en Español team consists of 5 members'),https://forum.zcashcommunity.com/t/zcash-global-en-espanol-q4/49019,Nov 2024,Completed
Rosu Lucian Adrian (alurosu on the forum),alurosu,November 2024,Not matched,,,,,,
Ryan Taylor,ryan.taylor,September 2023,Direct grantee,Zk Av Club Community Support 2025; Zcash Community Media Infrastructure 2026,ZK AV Club,Grantee / project lead,https://github.com/ZcashCommunityGrants/zcashcommunitygrants/issues/11,Feb 2025,Completed/Open
Sam Smith,samhsmith,May 2025,Not matched,,,,,,
Samaraanni (on the forum),Samaraanni,November 2024,Named grant team member,Zcash Brazil 2023; Zcash Global <> Zcash Brazil 2024 (Q1-Q4),Zcash Brazil,"Named team member (Samara, PR)",https://forum.zcashcommunity.com/t/zcash-global-zcash-brazil/46295,Jan 2023,Completed
Samuel,,August 2026,Not matched,,,,,,
Scott Onder,,February 2026,Not matched,,,,,,
Sean Bowe,ebfull,December 2021,ZF / ECC (excluded by rule),,,,,,
Sean Kelly,@SeanKe11y,Before May '21,Not matched,,,,,,
SirHODL (on the forum),SirHODL,May 2022,Not matched,,,,,,
Skylar Saveland,@_skyl,May 2022,Direct grantee,Free2Z (legal expenses; Free2Z; Preparing the Garden for Spring),Free2Z (2Z Inc),"Grantee, CEO/co-founder",https://forum.zcashcommunity.com/t/free2-whats-your/41289,May 2022,Completed
Spectre (on the forum),@zcash_z,May 2022,Not matched,,,,,,
Steven Smith,@reldev,Before May '21,Not matched,,,,,,
Sunny (sunzec on the Zcash Community group on Telegram),,May 2022,Not matched,,,,,,
T. S. Felstead (vaspholdings on the forum),vaspholdings,July 2024,Not matched,,,,,,
Tal Derei,mariusmargulus,August 2026,Not matched,,,,,,
Peacemonger (on the forum),Peacemonger,December 2024,Direct grantee,"Zcash User Research & Engagement (ZURE), Phase 1",Tatyana,"Grantee (forum peacemonger = Tatyana, ex-ECC), $35,000",https://forum.zcashcommunity.com/t/zcash-user-research-engagement-zure-phase-1/45820,Jan 2024,Completed
Taylor Hornby,earthrise,May 2021,Direct grantee,Zcash Ecosystem Security Lead,Taylor Hornby,Grantee,https://forum.zcashcommunity.com/t/zcash-ecosystem-security-lead/42090,Nov 2022,Completed
Boggerster,Boggerster,May 2025,Not matched,,,,,,
Teor,teor,December 2021,ZF / ECC (excluded by rule),,,,,,
Thor Torrens,@thortorrens,May 2021,Not matched,,,,,,
Tim,tim_ukrainian,May 2021,Not matched,,,,,,
Tm3k (on the forum),Tm3k,Before May '21,Direct grantee,Twitter Ambassador Program by @_tm3k,tm3k,Grantee,https://github.com/ZcashCommunityGrants/zcashcommunitygrants/issues/74,2025,Completed
Tm3k (on the forum),Tm3k,Before May '21,Direct grantee,Proposal to fund zcash skydives!,Tmek,Grantee,https://forum.zcashcommunity.com/t/proposal-to-fund-zcash-skydives/40447,Nov 2021,Completed
tokidoki (on the forum),tokidoki,December 2021,Named grant team member,"ZecHub (first grant, 2023)",ZecHub,"Named applicant / team member ('Applicant Names: Jason Rogers, Dismad, Tokidoki')",https://forum.zcashcommunity.com/t/zechub-open-source-education-for-zcash/43761,Mar 2023,Completed
Tom Howard,,August 2026,Not matched,,,,,,
treasonous (on the forum),Treasonous,April 2025,Not matched,,,,,,
Tron,Tron,December 2025,Named grant team member,ZecHub 2026,ZecHub,"Named core team (@tron / onajifortune), $53,760",https://github.com/ZcashCommunityGrants/zcashcommunitygrants/issues/153,Jan 2026,Open
USCMigs,USCMigs,August 2026,Not matched,,,,,,
Vincent Marchese (vgm on the forum),vgm,May 2021,Not matched,,,,,,
vito (on the forum),vito,May 2024,Named grant team member,ZecHub 2025; ZecHub 2026,ZecHub,"Named core team, $61,440 / $69,120",https://github.com/ZcashCommunityGrants/zcashcommunitygrants/issues/9,Jan 2025,Completed/Open
vito (on the forum),vito,May 2024,Named grant team member,Zcash Brazil 2023; Zcash Global <> Zcash Brazil 2024,Zcash Brazil,"Named team member (Vito, PR / community)",https://forum.zcashcommunity.com/t/zcash-global-zcash-brazil/46295,Jan 2023,Completed
pio (on the forum),pio,November 2024,Not matched,,,,,,
Vivek Arte,vivek,September 2023,Direct grantee,Zebra ZSA Integration; ZSAs in NU7; Legal Compliance 2025; OrchardZSA finalization; Feature Branch Testnet,QEDIT,Grantee / application owner (@vivek-arte),https://github.com/ZcashCommunityGrants/zcashcommunitygrants/issues/6,Jan 2025,Completed/Open
Vlad (on the Zcash Community group on Telegram),,May 2022,Not matched,,,,,,
Vladimir Dinev,@ZeroisSpecial,Before May '21,Not matched,,,,,,
wobbzz (on the forum),wobbzz,December 2021,Not matched,,,,,,
Xander Collins,,March 2026,Not matched,,,,,,
Lai Ying Tong,,May 2026,"Approved, $0 paid",halo2 Community Manager,Ying Tong,"Approved Feb 2023, retroactively withdrawn Jan 2024; $0 paid",https://forum.zcashcommunity.com/t/halo2-community-manager/43795,Feb 2023,"Cancelled, $0 paid"
Yoditar (on the forum),Yoditar,May 2022,Direct grantee,"Zcash Global en Español 2025 / 2026 + Generation Z camp (2024), Zcash Global en Español (2024)",Zcash Español,Grantee / lead,https://github.com/ZcashCommunityGrants/zcashcommunitygrants/issues/10,Aug 2024,Completed/Open
Yoditar (on the forum),Yoditar,May 2022,Direct grantee,Zcash Global en Español (2024) and Q4 2024,Zcash Español,Grantee / lead,https://forum.zcashcommunity.com/t/zcash-global-en-espanol-q4/49019,Nov 2024,Completed
zancas (on the forum),zancas,May 2021,Direct grantee,Zaino grants; Sofia/Prague collaboration; Hackfest + Zingo Labs 2022-2023 grants; Lightwalletd Infra (with Emersonian),Zingo Labs,Grantee / lead,https://github.com/ZcashCommunityGrants/zcashcommunitygrants/issues/16,Nov 2022,Completed/Open
ZArabia (on the forum),ZArabia,June 2026,Direct grantee,ZcashArabia Q1 2026; May-Sep 2026; Aug-Dec 2026,ZcashArabia,Grantee (org account; GitHub @Cryptoblarabi),https://github.com/ZcashCommunityGrants/zcashcommunitygrants/issues/160,Mar 2026,Completed/Open
ZecMec (on the forum),ZecMec,September 2023,Not matched,,,,,,
zecretary (on the forum),zecretary,May 2022,Not matched,,,,,,
Zerodartz (on the forum),zerodartz,May 2024,Not matched,,,,,,
zk_nd3r,zk_nd3r,June 2026,Not matched,,,,,,
Zkashmoney,,July 2022,Not matched,,,,,,
zksquirrel,@zksquirrel,November 2022,Direct grantee,ZecHub 2025; ZecHub 2026,ZecHub,"Core team, grantee",https://github.com/ZcashCommunityGrants/zcashcommunitygrants/issues/9,Jan 2025,Completed/Open
zksquirrel,@zksquirrel,November 2022,Direct grantee,Community Note Taker (2022); ZecHub 2023 / 2024,ZecHub / Jason Rogers,Grantee (Jason Rogers = zksquirrel),https://forum.zcashcommunity.com/t/rfp-community-note-taker/41656,Jul 2022,Completed
Zooko Wilcox,zooko,November 2024,ZF / ECC (excluded by rule),,,,,,
Zoz (on the forum),Zoz,May 2022,Not matched,,,,,,
Abhinav,strahncryptography,September 2026,Not matched,,,,,,
