Project,Grantee,"Category 
(as determined by ZCG)","Reporting Frequency 
(as determined by ZCG)",Milestone,Amount (USD),Estimate,Paid Out,ZEC Disbursed,USD Disbursed,ZEC/USD,Grant Status
Moeda.casa - Smart Brazilian Fiat-to-Crypto over Zcash,Moeda.casa,Integration,NA,1,"$6,950.00",, 26 Jan 2021,80.7764831,,$86.04,Completed
2 years of Lightwalletd Infra hosting & maintenance,NightHawk,Infrastructure,NA,1,"$10,440.00",, 10 Feb 2021,96.9180354,,$107.72,Completed
2 years of Lightwalletd Infra hosting & maintenance,NightHawk,Infrastructure,,2,"$10,440.00",, 2 Mar 2021,86.4239411,,$120.80,Completed
2 years of Lightwalletd Infra hosting & maintenance,NightHawk,Infrastructure,,3,"$13,920.00",, 21 Dec 2021,87.8401697,,$158.47,Completed
Zecwallet Infra costs,ZecWallet,Infrastructure,NA,1,"$9,750.00",, 16 Feb 2021,58.0461797,,$167.97,Completed
Zecwallet Infra costs,ZecWallet,Infrastructure,,2,"$9,750.00",, 24 Feb 2021,76.4946865,,$127.46,Completed
ZcashZeal,ZcashZeal,Community,NA,1,"$2,754.00",, 22 Feb 2021,15.3230845,,$179.73,Cancelled
ZcashZeal,ZcashZeal,Community,,2,$0.00,,,,,,Cancelled
ZcashZeal,ZcashZeal,Community,,3,$0.00,,,,,,Cancelled
ZcashZeal,ZcashZeal,Community,,4,$0.00,,,,,,Cancelled
Ziggurat: the Zcash Network Stability Framework,Equilibrium,Infrastructure,NA,1,"$17,360.00",, 4 Mar 2021,135.46635,,$128.15,Completed
Ziggurat: the Zcash Network Stability Framework,Equilibrium,Infrastructure,,2,"$40,920.00",, 7 Jun 2021,240.25375,,$170.32,Completed
Ziggurat: the Zcash Network Stability Framework,Equilibrium,Infrastructure,,3,"$40,920.00",, 27 Jul 2021,395.706511,,$103.41,Completed
Ziggurat: the Zcash Network Stability Framework,Equilibrium,Infrastructure,,4,"$24,800.00",, 8 Oct 2021,197.342446,,$125.67,Completed
Educational Video Series in Hindi for Indian Market,Hindi Videos,Education,NA,1,"$2,500.00",, 10 Mar 2021,18.2789623,,$136.77,Completed
Educational Video Series in Hindi for Indian Market,Hindi Videos,Education,,2,"$2,500.00",, 25 Jun 2021,23.6362917,,$105.77,Completed
1 year of ZECpages servers,ZecPages,Non-Wallet Applications,NA,1,"$3,300.00",, 11 Mar 2021,24.3777317,,$135.37,Completed
1 year of ZECpages servers,ZecPages,Non-Wallet Applications,,2,"$3,300.00",, 4 Oct 2021,28.3969677,,$116.21,Completed
Bootstrapping liquidity for renZEC on Binance Smart Chain,RenZec,Integration,NA,1,"$7,500.00",, 20 Apr 2021,29.3369942,,$255.65,Completed
Cold Wallet,Hanh,Wallets,NA,1,"$1,584.00",, 23 Mar 2021,11.2102911,,$141.30,Completed
Cold Wallet,Hanh,Wallets,,2,"$1,584.00",, 30 Mar 2021,10.5692599,,$149.87,Completed
Cold Wallet,Hanh,Wallets,,3,"$1,632.00",, 1 Apr 2021,10.244278,,$159.31,Completed
Zcash Block Explorer,NightHawk,Infrastructure,NA,1,"$51,000.00",, 30 Mar 2021,340.295122,,$149.87,Completed
ZECpages Testnet Faucet - App development + 1 year infra,ZecPages,Non-Wallet Applications,NA,1,"$3,627.00",, 12 Apr 2021,18.8103894,,$192.82,Completed
ZECpages Testnet Faucet - App development + 1 year infra,ZecPages,Non-Wallet Applications,,2,$558.00,, 23 Apr 2021,2.67828575,,$208.34,Completed
ZECpages Testnet Faucet - App development + 1 year infra,ZecPages,Non-Wallet Applications,,3,"$1,395.00",, 1 Nov 2021,8.34789487,,$167.11,Completed
Zecwallet Liteclient Research and Development,ZecWallet,Research & Development,NA,1,"$85,500.00",, 20 Apr 2021,344.441819,,$248.23,Completed
Zecwallet Liteclient Research and Development,ZecWallet,Research & Development,,2,"$85,500.00",, 18 Jun 2021,600.843489,,$142.30,Completed
Zecwallet Liteclient Research and Development,ZecWallet,Research & Development,,3,"$85,500.00",, 16 Aug 2021,552.397151,,$154.78,Completed
Zecwallet Liteclient Research and Development,ZecWallet,Research & Development,,4,"$85,500.00",, 18 Oct 2021,624.726197,,$136.86,Completed
Zeme Team,Zeme Team,Community,NA,1,"$5,500.00",, 30 Apr 2021,23.2676299,,$236.38,Completed
Zeme Team,Zeme Team,Community,,2,"$16,500.00",, 26 May 2021,115.231711,,$143.19,Completed
Zeme Team,Zeme Team,Community,,3,"$5,500.00",, 11 Jun 2021,40.6505065,,$135.30,Completed
Zeme Team,Zeme Team,Community,,4,"$16,500.00",, 13 Jul 2021,151.418021,,$108.97,Completed
Zeme Team,Zeme Team,Community,,5,"$11,000.00",, 29 Jul 2021,103.267192,,$106.52,Completed
Zeme Team- returned funds intended for tip creators,Zeme Team,Community,,5a,"-$4,000.00",, 14 Sep 2021,-30.26,,$132.19,Completed
Nighthawk Wallet Design & Development '21,NightHawk,Wallets,NA,1,"$140,492.00",, 3 May 2021,584.89602,,$240.20,Completed
Nighthawk Wallet Design & Development '21,NightHawk,Wallets,,2,"$105,369.00",, 19 Jul 2021,1135.44201,,$92.80,Completed
Nighthawk Wallet Design & Development '21,NightHawk,Wallets,,3,"$105,369.00",,"Oct 4, 2021",906.712187,,$116.21,Completed
A Metamask-style browser extension for Zcash,Zypher,Wallets,NA,1,"$30,100.00",, 11 May 2021,97.3858901,,$309.08,Cancelled
A Metamask-style browser extension for Zcash,Zypher,Wallets,,2,,,,,,,Cancelled
A Metamask-style browser extension for Zcash,Zypher,Wallets,,3,,,,,,,Cancelled
A Metamask-style browser extension for Zcash,Zypher,Wallets,,4,,,,,,,Cancelled
A Metamask-style browser extension for Zcash,Zypher,Wallets,,5,,,,,,,Cancelled
CoinPayments Integration,CoinPayments,Integration,NA,1,"$19,200.00",, 19 May 2021,75.8474572,,$253.14,Cancelled
CoinPayments Integration,CoinPayments,Integration,,2,"$57,600.00",, 12 Aug 2021,416.787465,,$138.20,Cancelled
CoinPayments Integration,CoinPayments,Integration,,3,$0.00,,,,,,Cancelled
CoinPayments Integration,CoinPayments,Integration,,4,$0.00,,,,,,Cancelled
Arti: a pure-Rust Tor implementation for Zcash and beyond,Tor,Research & Development,NA,1,"$181,764.00",, 22 Jun 2021,,"$181,764",,Completed
Arti: a pure-Rust Tor implementation for Zcash and beyond,Tor,Research & Development,,2,"$175,032.00",, 21 Dec 2021,,"$175,032",,Completed
Arti: a pure-Rust Tor implementation for Zcash and beyond,Tor,Research & Development,,3,"$269,280.00",, 16 Sep 2022,,"$269,280",,Completed
Arti: a pure-Rust Tor implementation for Zcash and beyond,Tor,Research & Development,,4,"$47,124.00",, 6 Dec 2022,,"$47,124",,Completed
Trezor support for Zcash shielded transactions,Trezor,Wallets,NA,1,"$10,400.00",, 28 Oct 2021,66.4707634,,$156.46,Cancelled
Trezor support for Zcash shielded transactions,Trezor,Wallets,,2,"$19,500.00",, 6 Dec 2021,113.570381,,$171.70,Cancelled
Trezor support for Zcash shielded transactions,Trezor,Wallets,,3,"$29,900.00",, 5 Jan 2023,748.81,,$39.93,Cancelled
Trezor support for Zcash shielded transactions,Trezor,Wallets,,4,,,,,,,Cancelled
Trezor support for Zcash shielded transactions,Trezor,Wallets,,5,,,,,,,Cancelled
Zcash Short Documentary,Zcash Media,Media,NA,1,"$4,160.28",, 9 Aug 2021,31.6323993,,$131.52,Completed
Zcash Short Documentary,Zcash Media,Media,,2,"$39,522.66",, 8 Oct 2021,314.495784,,$125.67,Completed
Zcash Short Documentary,Zcash Media,Media,,3,"$87,365.88",, 4 Feb 2022,828.505463,,$105.45,Completed
Zcash Short Documentary,Zcash Media,Media,,4,"$27,041.82",, 9 Feb 2022,212.375904,,$127.33,Completed
Zcash Short Documentary,Zcash Media,Media,,5,"$24,961.68",, 21 Feb 2022,248.301006,,$100.53,Completed
Zcash Short Documentary,Zcash Media,Media,,6,"$24,961.68",, 22 Apr 2022,158.075559,,$157.91,Completed
Shielded Dialogues,Foresight Institute,Media,Milestone,1,"$17,500.00",, 21 Oct 2022,333.779,,$52.43,Cancelled
Shielded Dialogues,Foresight Institute,Media,,2,"$17,500.00",, 6 Jul 2023,563.61,,$31.05,Cancelled
Shielded Dialogues,Foresight Institute,Media,,3,,,,,,,Cancelled
Shielded Dialogues,Foresight Institute,Media,,4,,,,,,,Cancelled
Payment Gateway with BTCPay,Hanh,Integration,NA,1,"$30,000.00",, 17 Jan 2022,221.64778,,$135.35,Completed
Payment Gateway with BTCPay,Hanh,Integration,,2,"$90,000.00",, 8 Feb 2022,720.980734,,$124.83,Completed
Elemental ZEC – Zcash UI Component Kit and Payment Processor,Elemental ZEC,Non-Wallet Applications,NA,1,"$10,228.80",, 9 Dec 2021,59.1946444,,$172.80,Completed
Elemental ZEC – Zcash UI Component Kit and Payment Processor,Elemental ZEC,Non-Wallet Applications,,2,"$8,183.04",, 17 Feb 2022,67.8528363,,$120.60,Completed
Elemental ZEC – Zcash UI Component Kit and Payment Processor,Elemental ZEC,Non-Wallet Applications,,3,"$8,183.04",, 7 Jun 2022,86.7768702,,$94.30,Completed
Elemental ZEC – Zcash UI Component Kit and Payment Processor,Elemental ZEC,Non-Wallet Applications,,4,"$8,183.04",, 21 Oct 2022,156.076,,$52.43,Completed
Elemental ZEC – Zcash UI Component Kit and Payment Processor,Elemental ZEC,Non-Wallet Applications,,5,"$8,183.04",, 4 Apr 2023,216.03,,$37.88,Completed
Elemental ZEC – Zcash UI Component Kit and Payment Processor,Elemental ZEC,Non-Wallet Applications,,6,"$8,183.04",, 20 Oct 2023,322.93,,$25.34,Completed
Proposal to fund zcash skydives!,Tmek,Media,,1,"$3,300.00",, 12 Nov 2021,16.4753871,,$200.30,Completed
Zcash Thorchain Integration Grant,NightHawk,Integration,Quarterly,1,"$77,478.00",, 24 Nov 2021,305.272068,,$253.80,Cancelled
Zcash Thorchain Integration Grant,NightHawk,Integration,,2,"$77,478.00",, 23 Dec 2021,462.169033,,$167.64,Cancelled
Zcash Thorchain Integration Grant,NightHawk,Integration,,3,$0.00,,,,,,Cancelled
Zcash Thorchain Integration Grant,NightHawk,Integration,,4,$0.00,,,,,,Cancelled
Cake Technologies Zcash Mobile Wallet Design & Development,,,,1,,,,,,,Cancelled
Cake Technologies Zcash Mobile Wallet Design & Development,,,,2,,,,,,,Cancelled
Cake Technologies Zcash Mobile Wallet Design & Development,,,,3,,,,,,,Cancelled
Zcash Blockchain Infrastructure,zBI,Infrastructure,NA,1,"$20,000.00",, 11 Jan 2022,141.864294,,$140.98,Completed
Zcash Blockchain Infrastructure,zBI,Infrastructure,,2,"$20,000.00",, 2 May 2022,166.500367,,$120.12,Completed
Zcash Blockchain Infrastructure,zBI,Infrastructure,,3,,,,,,,Completed
Zcash Blockchain Infrastructure,zBI,Infrastructure,,4,,,,,,,Completed
"The Ceremony, Powers of Tau, and Halo Video",Zcash Media,Media,NA,1,"$35,256.00",, 28 Apr 2022,240.081816,,$146.85,Completed
Oblivious Message Retrieval,Columbia University,Research & Development,NA,Start up funding,"$8,820.00",, 6 Jan 2022,63.7836274,,$138.28,Cancelled
Oblivious Message Retrieval,Columbia University,Research & Development,,1,"$14,700.00",, 13 May 2022,152.426579,,$96.44,Cancelled
Oblivious Message Retrieval,Columbia University,Research & Development,,Funds Returned,"-$23,520.00",, 2 Sep 2022,-216.11,,$108.83,Cancelled
Oblivious Message Retrieval,Columbia University,Research & Development,,2-3,,,,,,,Cancelled
Oblivious Message Retrieval,Columbia University,Research & Development,,4,,,,,,,Cancelled
Oblivious Message Retrieval,Columbia University,Research & Development,,5,,,,,,,Cancelled
Oblivious Message Retrieval,Columbia University,Research & Development,,6,,,,,,,Cancelled
Oblivious Message Retrieval,Columbia University,Research & Development,,7,,,,,,,Cancelled
Oblivious Message Retrieval,Columbia University,Research & Development,,8,,,,,,,Cancelled
Shielded Assets (ZSA/UDA) for DeFi on Zcash,QEDIT,Zcash Protocol Extension,Monthly,1,"$141,570.00",, 18 Feb 2022,1285.83106,,$110.10,Completed
Shielded Assets (ZSA/UDA) for DeFi on Zcash,QEDIT,Zcash Protocol Extension,,2,"$188,760.00",, 18 May 2022,1839.0493,,$102.64,Completed
Shielded Assets (ZSA/UDA) for DeFi on Zcash,QEDIT,Zcash Protocol Extension,,3,"$235,950.00",, 24 Oct 2022,4515.789,,$52.25,Completed
Shielded Assets (ZSA/UDA) for DeFi on Zcash,QEDIT,Zcash Protocol Extension,,4,"$94,380.00",, 8 Dec 2022,2100.13,,$44.94,Completed
Shielded Assets (ZSA/UDA) for DeFi on Zcash,QEDIT,Zcash Protocol Extension,,5,"$141,570.00",, 1 Feb 2023,3133.466,,$45.18,Completed
Shielded Assets (ZSA/UDA) for DeFi on Zcash,QEDIT,Zcash Protocol Extension,,6,"$94,380.00",, 5 Sep 2023,3844.4,,$24.55,Completed
Shielded Assets (ZSA/UDA) for DeFi on Zcash,QEDIT,Zcash Protocol Extension,,7,"$56,628.00",, 24 Mar 2023,1561.29,,$36.27,Completed
Shielded Assets (ZSA/UDA) for DeFi on Zcash,QEDIT,Zcash Protocol Extension,,8,"$102,245.00",, 12 Feb 2024,4975.43,,$20.55,Completed
Shielded Assets (ZSA/UDA) for DeFi on Zcash,QEDIT,Zcash Protocol Extension,,9,"$62,920.00",, 16 Nov 2023,2086.21,,$30.16,Completed
Shielded Assets (ZSA/UDA) for DeFi on Zcash,QEDIT,Zcash Protocol Extension,,10,"$31,460.00",, 19 Apr 2023,797.67,,$39.44,Completed
Shielded Assets (ZSA/UDA) for DeFi on Zcash,QEDIT,Zcash Protocol Extension,,11,"$37,752.00",, 19 Apr 2023,957.2,,$39.44,Completed
Zcash Media Launch Plan,Zcash Media,Media,NA,Start up funding,"$70,550.00",, 28 Mar 2022,351.344822,,$200.80,Completed
Zcash Media Launch Plan,Zcash Media,Media,,1,"$48,150.00",, 12 Apr 2022,325.734201,,$147.82,Completed
Zcash Media Launch Plan,Zcash Media,Media,,2,"$51,050.00",, 28 Apr 2022,347.63374,,$146.85,Completed
Zcash Media Launch Plan,Zcash Media,Media,,3,"$43,450.00",, 24 May 2022,472.128854,,$92.03,Completed
"Ziggurat 2.0: Pre-flight testing for the Zebra RC, CI support, a GUI, and more",Equilibrium,Infrastructure,NA,Start up funding,"$90,000.00",, 8 Apr 2022,588.1971499,,$153.01,Completed
"Ziggurat 2.0: Pre-flight testing for the Zebra RC, CI support, a GUI, and more",Equilibrium,Infrastructure,,1,"$94,000.00",, 16 Aug 2022,1241.7435,,$75.70,Completed
"Ziggurat 2.0: Pre-flight testing for the Zebra RC, CI support, a GUI, and more",Equilibrium,Infrastructure,,2,"$94,000.00",, 16 Aug 2022,1241.7435,,$75.70,Completed
"Ziggurat 2.0: Pre-flight testing for the Zebra RC, CI support, a GUI, and more",Equilibrium,Infrastructure,,3,"$94,000.00",, 11 Oct 2022,1788.09,,$52.57,Completed
Zcash Promotional Song & Music Video,Hanu Dixit,Media,NA,1,"$24,500.00",, 27 Apr 2022,166.859834,,$146.83,Completed
Zcash Promotional Song & Music Video,Hanu Dixit,Media,,2,"$10,000.00",, 9 May 2022,103.73464,,$96.40,Completed
Free2Z legal expenses reimbursement,Free2Z,Non-Wallet Applications,NA,Reimbursement,"$1,039.00",, 21 Jun 2022,15.0798258,,$68.90,Completed
Free2Z legal expenses reimbursement,Free2Z,Non-Wallet Applications,,Reimbursement,$998.00,, 2 Aug 2022,15.968,,$62.50,Completed
Free2Z legal expenses reimbursement,Free2Z,Non-Wallet Applications,,Reimbursement,"$10,000.00",, 9 Jan 2023,230.947,,$43.30,Completed
Free2Z,Free2Z,Non-Wallet Applications,NA,1,"$31,000.00",, 25 Jul 2022,546.737233,,$56.70,Completed
Free2Z,Free2Z,Non-Wallet Applications,,2,"$55,000.00",, 23 Aug 2022,836.12,,$65.78,Completed
Free2Z,Free2Z,Non-Wallet Applications,,3,"$37,000.00",, 5 Dec 2022,808.39,,$45.77,Completed
ElectrumZ,,,,1,,,,,,,Cancelled
Community Note Taker,Jason Rogers,Community,Milestone,1,$600.00,, 1 Jul 2022,11.2066745,,$53.54,Completed
Community Note Taker,Jason Rogers,Community,,2,$600.00,, 1 Aug 2022,9.25354719,,$64.84,Completed
Community Note Taker,Jason Rogers,Community,,3,$300.00,, 1 Sep 2022,5.19,,$57.80,Completed
Community Note Taker,Jason Rogers,Community,,4,$600.00,, 30 Sep 2022,10.623,,$56.48,Completed
Community Note Taker,Jason Rogers,Community,,5,$600.00,, 31 Oct 2022,11.426,,$52.51,Completed
Community Note Taker,Jason Rogers,Community,,6,$600.00,, 30 Nov 2022,13.73,,$43.70,Completed
Community Note Taker,Jason Rogers,Community,,7,$600.00,, 30 Dec 2022,15.835,,$37.89,Completed
Community Note Taker,Jason Rogers,Community,,8,$600.00,, 31 Jan 2023,13.204,,$45.44,Completed
Community Note Taker,Jason Rogers,Community,,9,$600.00,, 28 Feb 2023,13.55,,$44.28,Completed
Community Note Taker,Jason Rogers,Community,,10,$600.00,, 31 Mar 2023,15.46,,$38.81,Completed
Community Note Taker,Jason Rogers,Community,,11,$600.00,, 1 May 2023,16.34,,$36.72,Completed
Community Note Taker,Jason Rogers,Community,,12,$600.00,, 31 May 2023,18.66,,$32.15,Completed
Community Note Taker,Jason Rogers,Community,,13,$900.00,, 30 Jun 2023,28.74,,$31.32,Completed
Community Note Taker,Jason Rogers,Community,,14,$600.00,, 14 Aug 2023,20.3,,$29.56,Completed
Community Note Taker,Jason Rogers,Community,,15,$600.00,, 31 Aug 2023,23.69,,$25.33,Completed
Community Note Taker,Jason Rogers,Community,,16,$600.00,, 29 Sep 2023,22.55,,$26.61,Completed
Community Note Taker,Jason Rogers,Community,,17,$600.00,, 31 Oct 2023,21.53,,$27.87,Completed
Community Note Taker,Jason Rogers,Community,,18,$900.00,, 1 Dec 2023,30.37,,$29.63,Completed
Community Note Taker,Jason Rogers,Community,,19,$300.00,, 3 Jan 2024,11.92,,$25.17,Completed
Community Note Taker,Jason Rogers,Community,,20,$600.00,, 31 Jan 2024,27.65,,$21.70,Completed
Community Note Taker,Jason Rogers,Community,,21,$600.00,, 29 Feb 2024,20.83,,$28.80,Completed
Community Note Taker,Jason Rogers,Community,,22,$600.00,, 1 Apr 2024,21.08,,$28.46,Completed
Zecwallet and Orchard,ZecWallet,Wallets,NA,1,"$20,000.00",, 13 Jul 2022,379.93921,,$52.64,Completed
Zecwallet and Orchard,ZecWallet,Wallets,,2,"$47,200.00",, 18 Aug 2022,627.66,,$75.20,Completed
Zecwallet and Orchard,ZecWallet,Wallets,,3,"$47,200.00",, 2 Sep 2022,773.77,,$61.00,Completed
ZGo - The Zcash Register,Vergara Technologies ,Non-Wallet Applications,Milestone,Start up funding,"$8,600.00",, 30 Jun 2022,163.435966,,$52.62,Completed
ZGo - The Zcash Register,Vergara Technologies ,Non-Wallet Applications,,1,"$17,600.00",, 16 Aug 2022,232.497,,$75.70,Completed
ZGo - The Zcash Register,Vergara Technologies ,Non-Wallet Applications,,2,"$17,600.00",, 11 Oct 2022,334.79,,$52.57,Completed
ZGo - The Zcash Register,Vergara Technologies ,Non-Wallet Applications,,3,"$17,600.00",, 16 Jan 2023,416.77,,$42.23,Completed
ZGo - The Zcash Register,Vergara Technologies ,Non-Wallet Applications,,4,"$17,600.00",, 24 Mar 2023,478.65,,$36.77,Completed
ZGo - The Zcash Register,Vergara Technologies ,Non-Wallet Applications,,5,"$17,600.00",, 28 Jun 2023,599.86,,$29.34,Completed
ZGo - The Zcash Register,Vergara Technologies ,Non-Wallet Applications,,6,"$17,600.00",, 31 Oct 2023,634.23,,$27.75,Completed
Zcash Ecosystem Security Lead,Taylor Hornby,Dedicated Resource,Monthly,1,"$17,000.00",, 5 Nov 2022,316.456,,$53.72,Completed
Zcash Ecosystem Security Lead,Taylor Hornby,Dedicated Resource,,2,"$11,500.00",, 14 Dec 2022,245.31,,$46.88,Completed
Zcash Ecosystem Security Lead,Taylor Hornby,Dedicated Resource,,3,"$10,000.00",, 19 Jan 2023,222.42,,$44.96,Completed
Zcash Ecosystem Security Lead,Taylor Hornby,Dedicated Resource,,4,"$17,000.00",, 8 Feb 2023,372.48,,$45.64,Completed
Zcash Ecosystem Security Lead,Taylor Hornby,Dedicated Resource,,5,"$17,000.00",, 10 Mar 2023,538.83,,$31.55,Completed
Zcash Ecosystem Security Lead,Taylor Hornby,Dedicated Resource,,6,"$17,000.00",, 17 Apr 2023,409.64,,$41.50,Completed
Zcash Ecosystem Security Lead,Taylor Hornby,Dedicated Resource,,7,"$17,000.00",, 9 May 2023,514.84,,$33.02,Completed
Zcash Ecosystem Security Lead,Taylor Hornby,Dedicated Resource,,8,"$10,000.00",, 9 Jun 2023,342.94,,$29.16,Completed
Zcash Ecosystem Security Lead,Taylor Hornby,Dedicated Resource,,9,"$8,000.00",, 25 Aug 2023,322.06,,$24.84,Completed
Zcash Ecosystem Security Lead,Taylor Hornby,Dedicated Resource,,10,"$8,000.00",, 25 Aug 2023,322.06,,$24.84,Completed
Zcash Ecosystem Security Lead,Taylor Hornby,Dedicated Resource,,11,"$9,000.00",, 12 Sep 2023,361.591,,$24.89,Completed
Zcash Ecosystem Security Lead,Taylor Hornby,Dedicated Resource,,12,"$17,000.00",, 27 Nov 2023,591.1,,$28.76,Completed
"Arti, a project to rewrite Tor in Rust: onion services and beyond!",Tor,Research & Development,Milestone,1,"$176,404.00",, 13 Mar 2024,5002.95,,$35.26,Completed
"Arti, a project to rewrite Tor in Rust: onion services and beyond!",Tor,Research & Development,,2,"$323,712.00",, 20 Feb 2025,8701.94,,$37.20,Completed
"Arti, a project to rewrite Tor in Rust: onion services and beyond!",Tor,Research & Development,,3,"$144,540.00",, 31 Jul 2024,4568.27,,$31.64,Completed
"Arti, a project to rewrite Tor in Rust: onion services and beyond!",Tor,Research & Development,,4,"$22,000.00",, 20 Feb 2025,591.4,,$37.20,Completed
Telegram Anti Scam Bot - Grant Request,JRGB,Community,NA,1,$700.00,, 30 May 2023,20.7,,$33.82,Completed
Implement Orchard Funded Amendment,Zingo Labs,Wallets,NA,1,"$64,260.00",, 17 Nov 2022,1594.145,,$40.31,Completed
Implement Orchard Funded Amendment,Zingo Labs,Wallets,,2,"$32,130.00",, 17 Nov 2022,797.073,,$40.31,Completed
Implement Orchard Funded Amendment,Zingo Labs,Wallets,,3,"$32,130.00",, 17 Nov 2022,797.073,,$40.31,Completed
YWallet,Hanh,Wallets,NA,1,"$300,000.00",, 28 Sep 2022,"5,417.12",,$55.38,Completed
YWallet,Hanh,Wallets,,2,"$50,000.00",, 20 Oct 2022,972.952,,$51.39,Completed
Zcash Node - RFP for portable device for running Zcashd nodes - by Stagnum,Stagnum,Non-Wallet Applications,Milestone,1,"$15,000.00",, 18 Nov 2022,385.604,,$38.90,Completed
Zcash Node - RFP for portable device for running Zcashd nodes - by Stagnum,Stagnum,Non-Wallet Applications,,2,"$15,000.00",, 11 Dec 2023,502.85,,$29.83,Completed
Zcash Node - RFP for portable device for running Zcashd nodes - by Stagnum,Stagnum,Non-Wallet Applications,,3,"$10,000.00",, 21 May 2024,410.85,,$24.34,Completed
ToDeFi: Torino Decentralized Finance Conference,ToDeFi,Event Sponsorship,NA,1,"$2,500.00",, 29 Nov 2022,62.6566,,$39.90,Completed
Orchard and UA for YWallet,Hanh,Wallets,NA,1,"$70,000.00",, 14 Feb 2023,1616.63,,$43.30,Completed
Orchard and UA for YWallet,Hanh,Wallets,,2,"$20,000.00",, 16 Feb 2023,454.96,,$43.96,Completed
Orchard and UA for YWallet,Hanh,Wallets,,3,"$24,400.00",, 27 Feb 2023,560.02,,$43.57,Completed
CryptoMondays DAO Partnership,,,,1,,,,,,,Cancelled
CryptoMondays DAO Partnership,,,,2,,,,,,,Cancelled
CryptoMondays DAO Partnership,,,,3,,,,,,,Cancelled
CryptoMondays DAO Partnership,,,,4,,,,,,,Cancelled
The Zcash Podcast on the Digital Cash Network,Joel Valenzuela,Media,Milestone,1,$500.50,, 27 Feb 2023,11.49,,$43.56,Completed
The Zcash Podcast on the Digital Cash Network,Joel Valenzuela,Media,,2,$500.50,, 24 Mar 2023,13.85,,$36.14,Completed
The Zcash Podcast on the Digital Cash Network,Joel Valenzuela,Media,,3,$500.50,, 6 Jul 2023,16.12,,$31.05,Completed
The Zcash Podcast on the Digital Cash Network,Joel Valenzuela,Media,,4,$500.50,, 1 Sep 2023,19.96,,$25.08,Completed
The Zcash Podcast on the Digital Cash Network,Joel Valenzuela,Media,,5,$500.50,, 12 Sep 2023,19.97,,$25.06,Completed
The Zcash Podcast on the Digital Cash Network,Joel Valenzuela,Media,,6,$500.50,, 16 Oct 2023,19.63,,$25.50,Completed
The Zcash Podcast on the Digital Cash Network,Joel Valenzuela,Media,,7,$500.50,, 6 Nov 2023,17.08,,$29.30,Completed
The Zcash Podcast on the Digital Cash Network,Joel Valenzuela,Media,,8,$500.50,, 28 Nov 2023,17.06,,$29.34,Completed
The Zcash Podcast on the Digital Cash Network,Joel Valenzuela,Media,,9,$500.50,, 19 Jan 2024,22.21,,$22.53,Completed
The Zcash Podcast on the Digital Cash Network,Joel Valenzuela,Media,,10,$500.50,, 19 Jan 2024,22.21,,$22.53,Completed
The Zcash Podcast on the Digital Cash Network,Joel Valenzuela,Media,,11,$500.50,, 29 Jan 2024,21.92,,$22.83,Completed
The Zcash Podcast on the Digital Cash Network,Joel Valenzuela,Media,,12,$500.50,, 29 Jan 2024,21.92,,$22.83,Completed
Ziggurat 3.0 - Network Wide Testing and Active Validation,Equilibrium,Infrastructure,NA,Start Up funding,"$88,180.00",, 14 Dec 2022,1869.01,,$47.18,Completed
Ziggurat 3.0 - Network Wide Testing and Active Validation,Equilibrium,Infrastructure,,1,"$93,000.00",, 24 Mar 2023,2538.9,,$36.63,Completed
Ziggurat 3.0 - Network Wide Testing and Active Validation,Equilibrium,Infrastructure,,2,"$87,000.00",, 1 May 2023,2367.99,,$36.74,Completed
Ziggurat 3.0 - Network Wide Testing and Active Validation,Equilibrium,Infrastructure,,3,"$178,020.00",, 22 Jun 2023,6702.56,,$26.56,Completed
Zcash Brazil 2023,Zcash Brazil,Community,Monthly,1,"$3,434.00",, 31 Jan 2023,76.7,,$44.77,Completed
Zcash Brazil 2023,Zcash Brazil,Community,,2,"$3,434.00",, 28 Feb 2023,77.552,,$44.28,Completed
Zcash Brazil 2023,Zcash Brazil,Community,,3,"$3,434.00",, 4 Apr 2023,91.14,,$37.68,Completed
Zcash Brazil 2023,Zcash Brazil,Community,,4,"$3,434.00",, 1 May 2023,94.47,,$36.35,Completed
Zcash Brazil 2023,Zcash Brazil,Community,,5,"$3,434.00",, 31 May 2023,106.41,,$32.27,Completed
Zcash Brazil 2023,Zcash Brazil,Community,,6,"$3,434.00",, 30 Jun 2023,106.85,,$32.14,Completed
Zcash Brazil 2023,Zcash Brazil,Community,,7,"$3,434.00",, 14 Aug 2023,116.13,,$29.57,Completed
Zcash Brazil 2023,Zcash Brazil,Community,,8,"$3,434.00",, 1 Sep 2023,138.97,,$24.71,Completed
Zcash Brazil 2023,Zcash Brazil,Community,,9,"$3,434.00",, 2 Oct 2023,125.79,,$27.30,Completed
Zcash Brazil 2023,Zcash Brazil,Community,,10,"$3,434.00",, 31 Oct 2023,122.25,,$28.09,Completed
Zcash Brazil 2023,Zcash Brazil,Community,,11,"$3,434.00",, 11 Dec 2023,112.48,,$30.53,Completed
Zcash Brazil 2023,Zcash Brazil,Community,,12,"$3,434.00",, 2 Jan 2024,124.56,,$27.57,Completed
ZCash UniFFI Library,Equilibrium,Infrastructure,NA,1,"$18,000.00",, 1 Feb 2023,401.427,,$44.84,Completed
ZCash UniFFI Library,Equilibrium,Infrastructure,,2,"$36,000.00",, 13 Feb 2023,832.95,,$43.22,Completed
ZCash UniFFI Library,Equilibrium,Infrastructure,,3,"$72,000.00",, 24 Mar 2023,1959.18,,$36.75,Completed
ZCash UniFFI Library,Equilibrium,Infrastructure,,4,"$54,000.00",, 25 Apr 2023,1467.39,,$36.80,Completed
ZCash UniFFI Library,Equilibrium,Infrastructure,,5,"$36,000.00",, 15 Jun 2023,1453.37,,$24.77,Completed
Alphaday.com Grant Application,Alphaday,Community,Milestone,1,"$3,700.00",, 14 Aug 2023,125.13,,$29.57,Completed
Alphaday.com Grant Application,Alphaday,Community,,2,"$1,200.00",, 11 Jan 2024,49.18,,$24.40,Completed
ZecHub,ZecHub,Education,Monthly,Start Up,"$18,592.00",, 24 Mar 2023,502.22,,$37.02,Completed
ZecHub,ZecHub,Education,,1,"$4,818.00",, 1 Mar 2023,108.32,,$44.48,Completed
ZecHub,ZecHub,Education,,2,"$4,818.18",, 4 Apr 2023,127.33,,$37.84,Completed
ZecHub,ZecHub,Education,,3,"$4,818.00",, 1 May 2023,132.54,,$36.35,Completed
ZecHub,ZecHub,Education,,4,"$4,818.00",, 31 May 2023,149.81,,$32.16,Completed
ZecHub,ZecHub,Education,,5,"$4,818.00",, 30 Jun 2023,149.91,,$32.14,Completed
ZecHub,ZecHub,Education,,6,"$4,818.00",, 15 Aug 2023,164.72,,$29.25,Completed
ZecHub,ZecHub,Education,,7,"$4,818.00",, 1 Sep 2023,195.85,,$24.60,Completed
ZecHub,ZecHub,Education,,8,"$4,818.00",, 2 Oct 2023,178.48,,$26.99,Completed
ZecHub,ZecHub,Education,,9,"$4,818.00",, 31 Oct 2023,171.15,,$28.15,Completed
ZecHub,ZecHub,Education,,10,"$4,818.00",, 30 Nov 2023,162.61,,$29.63,Completed
ZecHub,ZecHub,Education,,11,"$4,818.00",, 2 Jan 2024,174.76,,$27.57,Completed
Zcash Media 2023,Zcash Media,Media,Monthly,Start Up Funding: Payout 1,"$100,000.00",, 13 Mar 2023,2820.87,,$35.45,Cancelled
Zcash Media 2023,Zcash Media,Media,,Start Up Funding: Payout 2,"$100,000.00",, 28 Mar 2023,2801.12,,$35.70,Cancelled
Zcash Media 2023,Zcash Media,Media,,Start Up Funding: Payout 3,"$100,000.00",, 8 May 2023,2959.46,,$33.79,Cancelled
Zcash Media 2023,Zcash Media,Media,,1: Payout 1,"$100,000.00",, 30 Apr 2024,4755.11,,$21.03,Cancelled
Zcash Media 2023,Zcash Media,Media,,1: Payout 2,"$100,000.00",, 6 May 2024,4306.63,,$23.22,Cancelled
Zcash Media 2023,Zcash Media,Media,,1: Payout 3,"$100,000.00",, 9 May 2024,4253.51,,$23.51,Cancelled
Zcash Media 2023,Zcash Media,Media,,2: Payout 1,,,,,,,Cancelled
Zcash Media 2023,Zcash Media,Media,,2: Payout 2,,,,,,,Cancelled
Zcash Media 2023,Zcash Media,Media,,2: Payout 3,,,,,,,Cancelled
Blockchain Training Alliance development of Zcash training programs,BTA,Education,NA,Start Up Funding,"$25,000.00",, 13 Feb 2023,578.44,,$43.22,Completed
Blockchain Training Alliance development of Zcash training programs,BTA,Education,,1,"$25,000.00",, 1 May 2023,678.98,,$36.82,Completed
Privacy services from Zcash to Status usage within the Ukrainian-Russian war (research),Siusko,Research & Development,NA,1,"$2,500.00",, 29 Mar 2023,66.67,,$37.50,Completed
Privacy services from Zcash to Status usage within the Ukrainian-Russian war (research),Siusko,Research & Development,,2,"$2,500.00",, 17 May 2023,75.17,,$33.26,Completed
Free2Z: Preparing the Garden For Spring,Free2Z,Non-Wallet Applications,Milestone,1,"$111,000.00",, 8 Mar 2023,3049.45,,$36.40,Completed
Free2Z: Preparing the Garden For Spring,Free2Z,Non-Wallet Applications,,2,"$111,000.00",, 10 May 2023,3320.37,,$33.43,Completed
Free2Z: Preparing the Garden For Spring,Free2Z,Non-Wallet Applications,,3,"$111,000.00",, 6 Feb 2024,5401.46,,$20.55,Completed
halo2 Community Manager,Ying Tong,Dedicated Resource,Milestone,1,,,,,,,Cancelled
halo2 Community Manager,Ying Tong,Dedicated Resource,,2,,,,,,,Cancelled
halo2 Community Manager,Ying Tong,Dedicated Resource,,3,,,,,,,Cancelled
Nighthawk Wallet & Public Infrastructure,Nighthawk,Wallets & Infrastructure,NA,Start Up Funding,"$300,000.00",, 8 Mar 2023,8382.23,,$35.79,Completed
Nighthawk Wallet & Public Infrastructure,Nighthawk,Wallets & Infrastructure,,1,"$150,000.00",, 20 Jun 2023,5753.74,,$26.07,Completed
Nighthawk Wallet & Public Infrastructure,Nighthawk,Wallets & Infrastructure,,2,"$101,000.00",, 16 Oct 2023,3962.34,,$25.49,Completed
Authentic Financial Insight,Zingo Labs,Wallets,Milestone,Start Up Funding,"$187,500.00",, 3 Mar 2023,4733.65,,$39.61,Completed
Authentic Financial Insight,Zingo Labs,Wallets,,1,"$62,500.00",, 1 Jun 2023,1953.74,,$31.99,Completed
Authentic Financial Insight,Zingo Labs,Wallets,,2,"$62,500.00",, 5 Feb 2024,2923.29,,$21.38,Completed
Authentic Financial Insight,Zingo Labs,Wallets,,3,"$62,500.00",, 22 Jul 2024,1974.1,,$31.66,Completed
"Shielded Support for Ledger Hardware Wallets (NanoS+, NanoX)",Hanh,Wallets,NA,1,"$100,100.00",, 1 Jun 2023,3133.02,,$31.95,Completed
"Shielded Support for Ledger Hardware Wallets (NanoS+, NanoX)",Hanh,Wallets,,2,"$100,000.00",, 13 Jun 2023,3952.57,,$25.30,Completed
"Shielded Support for Ledger Hardware Wallets (NanoS+, NanoX)",Hanh,Wallets,,3,"$100,000.00",, 22 Jun 2023,3765.06,,$26.56,Completed
Zcash based secure payment infrastructure (Exploratory Phase),Birdcalls,Infrastructure,NA,Start Up Funding,"$6,000.00",, 11 Apr 2023,151.36,,$39.64,Completed
Zcash based secure payment infrastructure (Exploratory Phase),Birdcalls,Infrastructure,,1,"$8,600.00",, 24 May 2023,276.79,,$31.07,Completed
Zcash-Avalanche Elastic Subnet Bridge,RedDev,Infrastructure,Milestone,Start Up Funding,"$12,032.00",, 16 May 2023,366.27,,$32.85,Open
Zcash-Avalanche Elastic Subnet Bridge,RedDev,Infrastructure,,1,"$28,343.00",, 18 Jul 2023,906.69,,$31.26,Open
Zcash-Avalanche Elastic Subnet Bridge,RedDev,Infrastructure,,2,"$28,343.00",, 11 Dec 2023,933.56,,$30.36,Open
Zcash-Avalanche Elastic Subnet Bridge,RedDev,Infrastructure,,3,"$56,686.00",, 10 Oct 2024,1858.56,,$30.50,Open
Zcash-Avalanche Elastic Subnet Bridge,RedDev,Infrastructure,,4,"$28,343.00",, 8 Apr 2026,86.28,,$328.50,Open
Zcash-Avalanche Elastic Subnet Bridge,RedDev,Infrastructure,,5,"$28,343.00",  30 Jun 2024,,,,,Open
Zcash-Avalanche Elastic Subnet Bridge,RedDev,Infrastructure,,6,"$28,343.00",  31 Jul 2024,,,,,Open
halo2 docs improvement,Halo2 Docs,Education,Milestone,1,,,,,,,Cancelled
halo2 docs improvement,Halo2 Docs,Education,,2,,,,,,,Cancelled
halo2 docs improvement,Halo2 Docs,Education,,3,,,,,,,Cancelled
Zcash Shielded Assets - Asset Swaps and Beyond,QEDIT,Zcash Protocol Extension,Monthly,Start Up Funding,"$450,000.00",, 17 May 2023,13473.05,,$33.40,Completed
Zcash Shielded Assets - Asset Swaps and Beyond,QEDIT,Zcash Protocol Extension,,Start Up Funding,"$450,000.00",, 15 Jun 2023,18167.14,,$24.77,Completed
Zcash Shielded Assets - Asset Swaps and Beyond,QEDIT,Zcash Protocol Extension,,1,"$40,000.00",, 16 May 2025,968.29,,$41.31,Completed
Zcash Shielded Assets - Asset Swaps and Beyond,QEDIT,Zcash Protocol Extension,,2,"$25,000.00",, 17 Feb 2026,87.64,,$285.26,Completed
Zcash Shielded Assets - Asset Swaps and Beyond,QEDIT,Zcash Protocol Extension,,3,"$40,000.00",, 17 Feb 2026,140.22,,$285.27,Completed
Zcash Shielded Assets - Asset Swaps and Beyond,QEDIT,Zcash Protocol Extension,,4,"$105,000.00",, 17 Feb 2026,368.07,,$285.27,Completed
Zcash Shielded Assets - Asset Swaps and Beyond,QEDIT,Zcash Protocol Extension,,5,"$40,000.00",, 19 Feb 2025,1101.32,,$36.32,Completed
Zcash Shielded Assets - Asset Swaps and Beyond,QEDIT,Zcash Protocol Extension,,6,"$75,000.00",, 8 Feb 2024,3605.77,,$20.80,Completed
Zcash Shielded Assets - Asset Swaps and Beyond,QEDIT,Zcash Protocol Extension,,7,"$128,000.00",, 20 Jun 2024,6377.68,,$20.07,Completed
Zcash Shielded Assets - Asset Swaps and Beyond,QEDIT,Zcash Protocol Extension,,8,"$128,000.00",, 16 Jul 2024,4206.38,,$30.43,Completed
Zcash Shielded Assets - Asset Swaps and Beyond,QEDIT,Zcash Protocol Extension,,9,"$90,000.00",, 16 Sep 2024,3109.88,,$28.94,Completed
Zcash Shielded Assets - Asset Swaps and Beyond,QEDIT,Zcash Protocol Extension,,10,"$100,000.00",, 8 Apr 2024,3508.77,,$28.50,Completed
Zcash Shielded Assets - Asset Swaps and Beyond,QEDIT,Zcash Protocol Extension,,11,"$129,000.00",, 19 Aug 2024,3097.24,,$41.65,Completed
Crypto Lounge Experience and The Hunting of The Snark,Inversed Tech,Event Sponsorship,NA,Conference Sponsorship (up front),"$3,821.00",, 13 Jul 2023,119.52,,$31.97,Completed
YWallet Maintenance and Minor Improvements,Hanh,Wallets,Monthly,1,"$12,500.00",, 7 Sep 2023,498.6,,$25.07,Completed
YWallet Maintenance and Minor Improvements,Hanh,Wallets,,2,"$12,500.00",, 27 Sep 2023,477.83,,$26.16,Completed
YWallet Maintenance and Minor Improvements,Hanh,Wallets,,3,"$12,500.00",, 31 Oct 2023,442.48,,$28.25,Completed
YWallet Maintenance and Minor Improvements,Hanh,Wallets,,4,"$12,500.00",, 28 Nov 2023,426.18,,$29.33,Completed
YWallet Maintenance and Minor Improvements,Hanh,Wallets,,5,"$12,500.00",, 28 Dec 2023,394.94,,$31.65,Completed
YWallet Maintenance and Minor Improvements,Hanh,Wallets,,6,"$12,500.00",, 17 Jan 2024,544.66,,$22.95,Completed
YWallet Maintenance and Minor Improvements,Hanh,Wallets,,7,"$12,500.00",, 27 Feb 2024,437.98,,$28.54,Completed
YWallet Maintenance and Minor Improvements,Hanh,Wallets,,8,"$12,500.00",, 26 Mar 2024,399.11,,$31.32,Completed
YWallet Maintenance and Minor Improvements,Hanh,Wallets,,9,"$12,500.00",, 13 May 2024,568.44,,$21.99,Completed
YWallet Maintenance and Minor Improvements,Hanh,Wallets,,10,"$12,500.00",, 3 Jun 2024,473,,$26.43,Completed
YWallet Maintenance and Minor Improvements,Hanh,Wallets,,11,"$12,500.00",, 8 Jul 2024,623.13,,$20.06,Completed
YWallet Maintenance and Minor Improvements,Hanh,Wallets,,12,"$12,500.00",, 4 Dec 2024,175.81,,$71.10,Completed
Zcash Wallet Community Developer,Pacu,Dedicated Resource,Monthly,Start Up Funding,"$10,778.00",, 14 Aug 2023,365.36,,$29.50,Completed
Zcash Wallet Community Developer,Pacu,Dedicated Resource,,1,"$7,500.00",, 4 Sep 2023,306.37,,$24.48,Completed
Zcash Wallet Community Developer,Pacu,Dedicated Resource,,2,"$7,500.00",, 16 Oct 2023,293.54,,$25.55,Completed
Zcash Wallet Community Developer,Pacu,Dedicated Resource,,3,"$15,000.00",, 16 Nov 2023,498.67,,$30.08,Completed
Zcash Wallet Community Developer,Pacu,Dedicated Resource,,4,"$15,000.00",, 2 Jan 2024,539.57,,$27.80,Completed
Zcash Wallet Community Developer,Pacu,Dedicated Resource,,5,"$15,000.00",, 11 Jan 2024,614.75,,$24.40,Completed
Zcash UniFFI Library addenda,Equilibrium,Infrastructure,Milestone,1,"$48,000.00",, 8 Nov 2023,1596.81,,$30.06,Completed
Zcash UniFFI Library addenda,Equilibrium,Infrastructure,,2,"$48,000.00",, 11 Dec 2023,1570.17,,$30.57,Completed
Zcash UniFFI Library addenda,Equilibrium,Infrastructure,,3,"$48,000.00",, 11 Dec 2023,1570.17,,$30.57,Completed
"Zcash User Research & Engagement (ZURE), Phase 1",Tatyana,Community,Milestone,1,"$17,500.00",, 11 Jan 2024,717.21,,$24.40,Completed
"Zcash User Research & Engagement (ZURE), Phase 1",Tatyana,Community,,2,"$17,500.00",, 21 Mar 2024,605.12,,$28.92,Completed
Official Shielded Support for Zcash in Ledger HW Wallet,Zondax,Wallets,Monthly,1,"$6,200.00",, 14 Nov 2024,164.33,,$37.73,Completed
Official Shielded Support for Zcash in Ledger HW Wallet,Zondax,Wallets,,2,"$22,000.00",, 14 Nov 2024,583.09,,$37.73,Completed
Official Shielded Support for Zcash in Ledger HW Wallet,Zondax,Wallets,,3,"$61,200.00",, 14 Nov 2024,1622.05,,$37.73,Completed
Official Shielded Support for Zcash in Ledger HW Wallet,Zondax,Wallets,,4,"$12,400.00",, 19 Dec 2024,262.22,,$47.29,Completed
"ZecHub, An open source education hub for Zcash",ZecHub,Education,Monthly,Start Up Funding,"$8,900.00",, 3 Jan 2024,349.78,,$25.44,Completed
"ZecHub, An open source education hub for Zcash",ZecHub,Education,,1,"$7,216.00",, 31 Jan 2024,332.53,,$21.70,Completed
"ZecHub, An open source education hub for Zcash",ZecHub,Education,,2,"$7,216.00",, 29 Feb 2024,250.29,,$28.83,Completed
"ZecHub, An open source education hub for Zcash",ZecHub,Education,,3,"$7,216.00",, 2 Apr 2024,266.18,,$27.11,Completed
"ZecHub, An open source education hub for Zcash",ZecHub,Education,,4,"$7,216.00",, 3 May 2024,314.42,,$22.95,Completed
"ZecHub, An open source education hub for Zcash",ZecHub,Education,,5,"$7,216.00",, 3 Jun 2024,273,,$26.43,Completed
Zcash Global <> Zcash Brazil,Zcash Brazil,Community,Monthly,1,"$5,600.00",, 30 Jan 2024,246.06,,$22.76,Completed
Zcash Global <> Zcash Brazil,Zcash Brazil,Community,,2,"$5,600.00",, 29 Feb 2024,195.6,,$28.63,Completed
Zcash Global <> Zcash Brazil,Zcash Brazil,Community,,3,"$5,600.00",, 29 Mar 2024,182.17,,$30.74,Completed
ZGo Support 2024,Vergara Technologies ,Non-Wallet Applications,Quarterly,1,"$8,050.00",, 5 Feb 2024,379.54,,$21.21,Completed
ZGo Support 2024,Vergara Technologies ,Non-Wallet Applications,,2,"$8,050.00",, 2 Sep 2024,277.78,,$28.98,Completed
Zcash Wallet Community Developer 2024,Pacu,Dedicated Resource,Monthly,Start Up Funding,$200.00,, 16 Feb 2024,8.87,,$22.55,Completed
Zcash Wallet Community Developer 2024,Pacu,Dedicated Resource,,1,"$15,000.00",, 23 Feb 2024,553.51,,$27.10,Completed
Zcash Wallet Community Developer 2024,Pacu,Dedicated Resource,,2,"$15,000.00",, 26 Mar 2024,478.93,,$31.32,Completed
Zcash Wallet Community Developer 2024,Pacu,Dedicated Resource,,3,"$15,000.00",, 23 May 2024,612.24,,$24.50,Completed
The Nym mixnet for Network Privacy for Zcash,Nym Technologies,Integration,Milestone,1,"$20,000.00",, 25 Oct 2024,551.42,,$36.27,Open
The Nym mixnet for Network Privacy for Zcash,Nym Technologies,Integration,,2,"$75,000.00",, 21 Mar 2025,2377.18,,$31.55,Open
The Nym mixnet for Network Privacy for Zcash,Nym Technologies,Integration,,3,"$30,000.00",  30 Nov 2024,,,,,Open
The Nym mixnet for Network Privacy for Zcash,Nym Technologies,Integration,,4,"$25,000.00",  28 Feb 2025,,,,,Open
Zenith Full Node Wallet,Vergara Technologies ,Wallets,Monthly,1,"$31,200.00",, 13 May 2024,1409.85,,$22.13,Completed
Zenith Full Node Wallet,Vergara Technologies ,Wallets,,2,"$31,200.00",, 22 Jul 2024,984.85,,$31.68,Completed
Zenith Full Node Wallet,Vergara Technologies ,Wallets,,3,"$31,200.00",, 4 Dec 2024,435.15,,$71.70,Completed
Zenith Full Node Wallet,Vergara Technologies ,Wallets,,4,"$31,200.00",, 13 Mar 2025,1035.51,,$30.13,Completed
Proof of Balance,Hanh,Research & Development,Monthly,1,,,,,,,Cancelled
ZCash SDK Feasibility Study [JS/TS],ChainSafe,Research & Development,Milestone,1,"$35,000.00",, 19 Apr 2024,1563.2,,$22.39,Completed
Transparent & Shielded DEX with Maya Protocol,Hanh,Integration,Monthly,1,"$20,000.00",, 22 May 2024,807.1,,$24.78,Completed
Transparent & Shielded DEX with Maya Protocol,Hanh,Integration,,2,"$30,000.00",, 28 Oct 2024,793.86,,$37.79,Completed
Transparent & Shielded DEX with Maya Protocol,Hanh,Integration,,3,"$15,000.00",, 28 May 2025,296.62,,$50.57,Completed
Transparent & Shielded DEX with Maya Protocol,Hanh,Integration,,4,"$15,000.00",, 28 May 2025,296.62,,$50.57,Completed
Transparent & Shielded DEX with Maya Protocol,Hanh,Integration,,5,$0.00,, 28 May 2025,0,,,Completed
Zcash Global <> Zcash Brazil Q2 2024,Zcash Brazil,Community,Monthly,1,"$5,600.00",, 30 Apr 2024,266.29,,$21.03,Completed
Zcash Global <> Zcash Brazil Q2 2024,Zcash Brazil,Community,,2,"$5,600.00",, 31 May 2024,209,,$26.79,Completed
Zcash Global <> Zcash Brazil Q2 2024,Zcash Brazil,Community,,3,"$5,600.00",, 1 Jul 2024,270.01,,$20.74,Completed
Zcash Wallet Community Developer 2024 Q2 ,Pacu,Dedicated Resource,Monthly,1,"$15,000.00",, 12 Jun 2024,634.79,,$23.63,Completed
Zcash Wallet Community Developer 2024 Q2 ,Pacu,Dedicated Resource,,2,"$15,000.00",, 22 Jul 2024,477.1,,$31.44,Completed
Zcash Wallet Community Developer 2024 Q2 ,Pacu,Dedicated Resource,,3,"$15,000.00",, 26 Sep 2024,489.24,,$30.66,Completed
Zcash Lightwalletd Infrastructure Development and Maintenance,Emersonian & Zancas,Infrastructure,Milestone,Start Up Funding,"$11,250.00",, 30 Apr 2024,534.95,,$21.03,Completed
Zcash Lightwalletd Infrastructure Development and Maintenance,Emersonian & Zancas,Infrastructure,,1,$0.00,, 8 Jul 2024,0,,,Completed
Zcash Lightwalletd Infrastructure Development and Maintenance,Emersonian & Zancas,Infrastructure,,2,"$11,250.00",, 22 Jul 2024,355.45,,$31.65,Completed
Zcash Lightwalletd Infrastructure Development and Maintenance,Emersonian & Zancas,Infrastructure,,3,"$11,250.00",, 17 Oct 2024,313.2,,$35.92,Completed
Zcash Lightwalletd Infrastructure Development and Maintenance,Emersonian & Zancas,Infrastructure,,4,"$11,250.00",, 11 Mar 2025,364.31,,$30.88,Completed
Zcash Lightwalletd Infrastructure Development and Maintenance,Emersonian & Zancas,Infrastructure,,5,$0.00,, 11 Mar 2025,0,,,Completed
Zcash Parsers,Mark Harris,Infrastructure,Milestone,1,"$3,600.00",, 31 May 2024,134.38,,$26.79,Completed
Zcash Parsers,Mark Harris,Infrastructure,,2,"$3,600.00",, 31 May 2024,134.58,,$26.75,Completed
Block Explorer + Testnet Infrastructure ,Cacho,Infrastructure,Milestone,Start Up Funding,$450.00,, 6 Jun 2024,16.96,,$26.53,Completed
Block Explorer + Testnet Infrastructure ,Cacho,Infrastructure,,1,"$4,500.00",, 5 Mar 2025,125.21,,$35.94,Completed
Block Explorer + Testnet Infrastructure ,Cacho,Infrastructure,,2,"$4,950.00",, 11 Jul 2025,113.38,,$43.66,Completed
Block Explorer + Testnet Infrastructure ,Cacho,Infrastructure,,3,"$4,500.00",, 11 Jul 2025,103.07,,$43.66,Completed
Assistance for Legal Compliance Activities (2024),QEDIT,Zcash Protocol Extension,Milestone,1,"$55,925.02",, 30 Jul 2024,1747.66,,$32.00,Completed
Assistance for Legal Compliance Activities (2024),QEDIT,Zcash Protocol Extension,,2,"$46,621.00",, 27 Dec 2024,720.57,,$64.70,Completed
ZSA Use-cases Features,QEDIT,Zcash Protocol Extension,Monthly,Start Up Funding #1,,,,,,,Cancelled
ZSA Use-cases Features,QEDIT,Zcash Protocol Extension,,Start Up Funding #2,,,,,,,Cancelled
ZSA Use-cases Features,QEDIT,Zcash Protocol Extension,,1,,,,,,,Cancelled
ZecHub: an education hub for Zcash,ZecHub,Education,Monthly,1,"$4,920.00",, 8 Jul 2024,245.26,,$20.06,Completed
ZecHub: an education hub for Zcash,ZecHub,Education,,2,"$4,920.00",, 31 Jul 2024,155.5,,$31.64,Completed
ZecHub: an education hub for Zcash,ZecHub,Education,,3,"$4,920.00",, 2 Sep 2024,170.95,,$28.78,Completed
ZecHub: an education hub for Zcash,ZecHub,Education,,4,"$4,920.00",, 2 Oct 2024,181.42,,$27.12,Completed
ZecHub: an education hub for Zcash,ZecHub,Education,,5,"$4,920.00",, 5 Nov 2024,129.27,,$38.06,Completed
ZecHub: an education hub for Zcash,ZecHub,Education,,6,"$4,920.00",, 4 Dec 2024,69.2,,$71.10,Completed
ZecHub: an education hub for Zcash,ZecHub,Education,,7,"$4,920.00",, 10 Jan 2025,101.97,,$48.25,Completed
Zcash Global <> Zcash Brazil Q3 2024,Zcash Brazil,Community,Monthly,1,"$5,600.00",, 31 Jul 2024,176.99,,$31.64,Completed
Zcash Global <> Zcash Brazil Q3 2024,Zcash Brazil,Community,,2,"$5,600.00",, 2 Sep 2024,193.24,,$28.98,Completed
Zcash Global <> Zcash Brazil Q3 2024,Zcash Brazil,Community,,3,"$5,600.00",, 1 Oct 2024,205.13,,$27.30,Completed
ZecHub Bounty Program Admin,FPF ,Education,Milestone,Start Up Funding,"$13,134.00",, 11 Jul 2024,550,,$23.88,Completed
WebZjs - ZCash Browser Wallet Library,ChainSafe,Integration,Monthly,1,"$17,000.00",, 19 Nov 2024,389.73,,$43.62,Completed
WebZjs - ZCash Browser Wallet Library,ChainSafe,Integration,,2,"$17,000.00",, 2 Dec 2024,295.96,,$57.44,Completed
WebZjs - ZCash Browser Wallet Library,ChainSafe,Integration,,3,"$66,000.00",, 2 Dec 2024,1149.03,,$57.44,Completed
WebZjs - ZCash Browser Wallet Library,ChainSafe,Integration,,4,"$33,000.00",, 2 Dec 2024,574.51,,$57.44,Completed
WebZjs - ZCash Browser Wallet Library,ChainSafe,Integration,,5,"$17,000.00",, 2 Dec 2024,295.96,,$57.44,Completed
Zcash (Both Transparent & Shielded Address) Support for Keystone Hardware Wallet,Keystone Team,Integration,Monthly,1,"$30,000.00",, 29 Apr 2025,849.14,,$35.33,Completed
Zcash (Both Transparent & Shielded Address) Support for Keystone Hardware Wallet,Keystone Team,Integration,,2,"$60,000.00",, 29 Apr 2025,"1,698.27",,$35.33,Completed
Zcash (Both Transparent & Shielded Address) Support for Keystone Hardware Wallet,Keystone Team,Integration,,3,"$60,000.00",, 29 Apr 2025,"1,698.27",,$35.33,Completed
Zcash (Both Transparent & Shielded Address) Support for Keystone Hardware Wallet,Keystone Team,Integration,,4,"$30,900.00",, 29 Apr 2025,874.61,,$35.33,Completed
Generation Z - Educational camp for youth,Zcash Español,Community,Milestone,Start Up Funding,"$3,500.00",, 22 Aug 2024,84.26,,$41.54,Completed
Developer Relations Engineer,Pacu,Dedicated Resource,Milestone,Startup Funding,"$2,000.00",, 2 Mar 2026,8.98,,$222.72,Completed
Developer Relations Engineer,Pacu,Dedicated Resource,Monthly,1,"$10,000.00",, 4 Oct 2024,371.89,,$26.89,Completed
Developer Relations Engineer,Pacu,Dedicated Resource,,2,"$10,000.00",, 5 Nov 2024,262.74,,$38.06,Completed
Developer Relations Engineer,Pacu,Dedicated Resource,,3,"$10,000.00",, 4 Dec 2024,140.65,,$71.10,Completed
Developer Relations Engineer,Pacu,Dedicated Resource,,4,"$10,000.00",, 6 Jan 2025,165.95,,$60.26,Completed
Developer Relations Engineer,Pacu,Dedicated Resource,,5,"$10,000.00",, 3 Feb 2025,305.16,,$32.77,Completed
Developer Relations Engineer,Pacu,Dedicated Resource,,6,"$10,000.00",, 5 Mar 2025,278.24,,$35.94,Completed
Developer Relations Engineer,Pacu,Dedicated Resource,,7,"$10,000.00",, 3 Apr 2025,261.30,,$38.27,Completed
Developer Relations Engineer,Pacu,Dedicated Resource,,8,"$10,000.00",, 1 May 2025,280.27,,$35.68,Completed
Developer Relations Engineer,Pacu,Dedicated Resource,,9,"$10,000.00",, 2 Jun 2025,188.32,,$53.10,Completed
Developer Relations Engineer,Pacu,Dedicated Resource,,10,"$10,000.00",, 1 Jul 2025,273.97,,$36.50,Completed
Developer Relations Engineer,Pacu,Dedicated Resource,,11,"$10,000.00",, 4 Aug 2025,270.49,,$36.97,Completed
Developer Relations Engineer,Pacu,Dedicated Resource,,12,"$10,000.00",, 1 Sep 2025,249.07,,$40.15,Completed
Developer Relations Engineer,Pacu,Dedicated Resource,,13,"$10,000.00",, 2 Oct 2025,67.77,,$147.56,Completed
Developer Relations Engineer,Pacu,Dedicated Resource,,14,"$10,000.00",, 3 Nov 2025,23.31,,$429.00,Completed
Developer Relations Engineer,Pacu,Dedicated Resource,,15,"$15,000.00",, 2 Dec 2025,42.55,,$352.53,Completed
Developer Relations Engineer,Pacu,Dedicated Resource,,16,"$15,000.00",, 31 Dec 2025,29.68,,$505.39,Completed
Developer Relations Engineer,Pacu,Dedicated Resource,,17,"$15,000.00",, 30 Jan 2026,44.45,,$337.46,Completed
Developer Relations Engineer,Pacu,Dedicated Resource,,18,"$15,000.00",, 3 Mar 2026,70.84,,$211.74,Completed
Developer Relations Engineer,Pacu,Dedicated Resource,,19,"$15,000.00",, 2 Apr 2026,63.91,,$234.71,Completed
Developer Relations Engineer,Pacu,Dedicated Resource,,20,"$15,000.00",, 30 Apr 2026,42.65,,$351.70,Completed
Developer Relations Engineer,Pacu,Dedicated Resource,,21,"$15,000.00",, 1 Jun 2026,27.98,,$536.10,Completed
Developer Relations Engineer,Pacu,Dedicated Resource,,22,$0.00,,,,,,Completed
Developer Relations Engineer,Pacu,Dedicated Resource,,23,$0.00,,,,,,Completed
Developer Relations Engineer,Pacu,Dedicated Resource,,24,$0.00,,,,,,Completed
User-Control for ZSAs,QEDIT,Infrastructure,Monthly,Start Up Funding #1,"$216,666.66",, 1 Jul 2024,10441.77,,$20.75,Completed
User-Control for ZSAs,QEDIT,Infrastructure,,Start Up Funding #2,"$216,666.66",, 23 Aug 2024,5164.88,,$41.95,Completed
User-Control for ZSAs,QEDIT,Infrastructure,,1,"$83,333.33",, 7 May 2026,145.42,,$573.05,Completed
User-Control for ZSAs,QEDIT,Infrastructure,,2,"$50,000.00",, 7 May 2026,87.27,,$572.93,Completed
User-Control for ZSAs,QEDIT,Infrastructure,,3,"$33,333.33",, 19 Dec 2024,704.87,,$47.29,Completed
User-Control for ZSAs,QEDIT,Infrastructure,,4,"$50,000.00",, 27 Feb 2025,1385.04,,$36.10,Completed
Build Zaino To Deprecate Zcashd and Decentralize Zcash,Zingo Labs,Protocol Development,Monthly,Start Up Funding,"$158,200.00",, 4 Oct 2024,5894.19,,$26.84,Completed
Build Zaino To Deprecate Zcashd and Decentralize Zcash,Zingo Labs,Protocol Development,,1,"$38,400.00",, 25 Nov 2024,793.88,,$48.37,Completed
Build Zaino To Deprecate Zcashd and Decentralize Zcash,Zingo Labs,Protocol Development,,1.5,"$4,000.00",, 31 Jan 2025,89.41,,$44.74,Completed
Build Zaino To Deprecate Zcashd and Decentralize Zcash,Zingo Labs,Protocol Development,,2,"$44,800.00",, 11 Mar 2025,1450.78,,$30.88,Completed
Build Zaino To Deprecate Zcashd and Decentralize Zcash,Zingo Labs,Protocol Development,,3,"$38,400.00",, 9 May 2025,903.1,,$42.52,Completed
Zcash Global <> Zcash Brazil - Q4,Zcash Brazil,Community,Monthly,1,"$4,260.00",, 5 Nov 2024,111.93,,$38.06,Completed
Zcash Global <> Zcash Brazil - Q4,Zcash Brazil,Community,,2,"$4,260.00",, 4 Dec 2024,59.92,,$71.09,Completed
Zcash Global <> Zcash Brazil - Q4,Zcash Brazil,Community,,3,"$4,260.00",, 27 Dec 2024,68.28,,$62.39,Completed
Zcash Global en Español,Zcash Español,Community,Monthly,1,"$3,000.00",, 6 Nov 2024,74.91,,$40.05,Completed
Zcash Global en Español,Zcash Español,Community,,2,"$3,000.00",, 5 Dec 2024,39.97,,$75.06,Completed
Zcash Global en Español,Zcash Español,Community,,3,"$3,000.00",, 10 Jan 2025,62.18,,$48.25,Completed
Upstream enhancements to librustzcash,ChainSafe,Integration,Monthly,1,"$16,800.00",  30 Nov 2024,,,,,Open
Coin Voting 2.0,Hanh,Non-Wallet Applications,Monthly,1,"$100,000.00",, 19 May 2025,2458.21,,$40.68,Completed
Coin Voting 2.0,Hanh,Non-Wallet Applications,,2,"$40,000.00",, 24 Jun 2025,951.7,,$42.03,Completed
Coin Voting 2.0,Hanh,Non-Wallet Applications,,3,"$30,000.00",, 4 Jul 2025,742.57,,$40.40,Completed
Coin Voting 2.0,Hanh,Non-Wallet Applications,,4,"$30,000.00",, 11 Jul 2025,687.13,,$43.66,Completed
Chainsafe Systems,ChainSafe,Wallets,Monthly,1,"$14,000.00",, 28 Aug 2025,333.73,,$41.95,Completed
Chainsafe Systems,ChainSafe,Wallets,,2,"$14,000.00",, 9 Oct 2025,77.01,,$181.79,Completed
Chainsafe Systems,ChainSafe,Wallets,,3,"$14,000.00",, 13 Nov 2025,29.02,,$482.43,Completed
Chainsafe Systems,ChainSafe,Wallets,,4,"$14,000.00",, 6 Feb 2026,60.295,,$232.19,Completed
Chainsafe Systems,ChainSafe,Wallets,,5,"$14,000.00",, 6 Feb 2026,60.295,,$232.19,Completed
Chainsafe Systems,ChainSafe,Wallets,,6,"$14,000.00",, 6 Feb 2026,58.12,,$240.88,Completed
Chainsafe Systems,ChainSafe,Wallets,,7,"$14,000.00",, 27 Feb 2026,62.70,,$223.30,Completed
Chainsafe Systems,ChainSafe,Wallets,,8,"$14,000.00",, 13 Apr 2025,39.71,,$352.56,Completed
Chainsafe Systems,ChainSafe,Wallets,,9,"$14,000.00",, 1 May 2026,36.61,,$382.41,Completed
Chainsafe Systems,ChainSafe,Wallets,,10,"$14,000.00",, 27 Feb 2026,62.70,,$223.30,Completed
Chainsafe Systems,ChainSafe,Wallets,,11,"$14,000.00",, 27 Feb 2026,62.70,,$223.30,Completed
Chainsafe Systems,ChainSafe,Wallets,,12,"$14,000.00",, 27 Feb 2026,62.70,,$223.30,Completed
Zcash Extensible Wallet Interchange Format (ZeWiF),Blockchain Commons with Zingo Labs,Wallets,Monthly,1,"$24,000.00",, 6 Feb 2025,795.49,,$30.17,Completed
Zcash Extensible Wallet Interchange Format (ZeWiF),Blockchain Commons with Zingo Labs,Wallets,,2,"$35,400.00",, 13 Mar 2025,1174.91,,$30.13,Completed
Zcash Extensible Wallet Interchange Format (ZeWiF),Blockchain Commons with Zingo Labs,Wallets,,3,"$47,400.00",, 10 Apr 2025,1391.25,,$34.07,Completed
Zcash Extensible Wallet Interchange Format (ZeWiF),Blockchain Commons with Zingo Labs,Wallets,,4,"$14,400.00",, 27 May 2025,269.6,,$53.41,Completed
Zcash Extensible Wallet Interchange Format (ZeWiF),Blockchain Commons with Zingo Labs,Wallets,,5,"$28,400.00",, 15 May 2025,674.42,,$42.11,Completed
Zcash Infra - 1 year,Hanh,Infrastructure,Milestone,Start Up Funding,"$6,000.00",, 25 Feb 2025,175.7,,$34.15,Completed
ZecHub 2025: An Education Hub for Zcash,ZecHub,Education,Monthly,Start Up Funding,"$53,983.00",, 22 Jan 2025,1117.66,,$48.30,Completed
ZecHub 2025: An Education Hub for Zcash,ZecHub,Education,,1,"$15,360.00",, 4 Feb 2025,478.06,,$32.13,Completed
ZecHub 2025: An Education Hub for Zcash,ZecHub,Education,,2,"$15,360.00",, 5 Mar 2025,427.38,,$35.94,Completed
ZecHub 2025: An Education Hub for Zcash,ZecHub,Education,,3,"$15,360.00",, 2 Apr 2025,384.87,,$39.91,Completed
ZecHub 2025: An Education Hub for Zcash,ZecHub,Education,,4,"$15,360.00",, 2 May 2025,424.08,,$36.22,Completed
ZecHub 2025: An Education Hub for Zcash,ZecHub,Education,,5,"$15,360.00",, 2 Jun 2025,289.27,,$53.10,Completed
ZecHub 2025: An Education Hub for Zcash,ZecHub,Education,,6,"$15,360.00",, 3 Jul 2025,386.9,,$39.70,Completed
ZecHub 2025: An Education Hub for Zcash,ZecHub,Education,,7,"$15,360.00",, 1 Aug 2025,425.72,,$36.08,Completed
ZecHub 2025: An Education Hub for Zcash,ZecHub,Education,,8,"$15,360.00",, 3 Sep 2025,358.79,,$42.81,Completed
ZecHub 2025: An Education Hub for Zcash,ZecHub,Education,,9,"$15,360.00",, 2 Oct 2025,118.13,,$130.03,Completed
ZecHub 2025: An Education Hub for Zcash,ZecHub,Education,,10,"$15,360.00",, 1 Nov 2025,37.35,,$411.24,Completed
ZecHub 2025: An Education Hub for Zcash,ZecHub,Education,,11,"$15,360.00",, 2 Dec 2025,49.53,,$310.12,Completed
ZecHub 2025: An Education Hub for Zcash,ZecHub,Education,,12,"$15,360.00",, 2 Jan 2026,31.33,,$490.26,Completed
Zcash Brazil | 2025,Zcash Brazil,Community,Monthly,Event Reimbursement,"$4,687.67",, 31 Jan 2025,104.76,,$44.75,Completed
Zcash Brazil | 2025,Zcash Brazil,Community,,Event Reimbursement,"$3,003.60",, 5 Mar 2025,83.57,,$35.94,Completed
Zcash Brazil | 2025,Zcash Brazil,Community,,Event Reimbursement,"$1,249.16",, 31 Mar 2025,32.74,,$38.15,Completed
Zcash Brazil | 2025,Zcash Brazil,Community,,Event Reimbursement,"$1,178.00",, 30 May 2025,23.97,,$49.14,Completed
Zcash Brazil | 2025,Zcash Brazil,Community,,Event Reimbursement,$921.00,, 30 Jun 2025,23.51,,$39.17,Completed
Zcash Brazil | 2025,Zcash Brazil,Community,,Event Reimbursement,$667.00,, 31 Jul 2025,17.53,,$38.05,Completed
Zcash Brazil | 2025,Zcash Brazil,Community,,Event Reimbursement,$632.00,, 1 Sep 2025,15.74,,$40.15,Completed
Zcash Brazil | 2025,Zcash Brazil,Community,,Event Reimbursement,"$1,444.00",, 1 Nov 2025,3.54,,$407.91,Completed
Zcash Brazil | 2025,Zcash Brazil,Community,,Event Reimbursement,"$1,016.00",, 1 Dec 2025,2.64,,$384.85,Completed
Zcash Brazil | 2025,Zcash Brazil,Community,,Event Reimbursement,$0.00,,,,,,Completed
Zcash Brazil | 2025,Zcash Brazil,Community,,Event Reimbursement,$0.00,,,,,,Completed
Zcash Brazil | 2025,Zcash Brazil,Community,,Event Reimbursement,$0.00,,,,,,Completed
Zcash Brazil | 2025,Zcash Brazil,Community,,1,"$15,982.00",, 31 Jan 2025,357.24,,$44.74,Completed
Zcash Brazil | 2025,Zcash Brazil,Community,,2,"$15,982.00",, 5 Mar 2025,444.69,,$35.94,Completed
Zcash Brazil | 2025,Zcash Brazil,Community,,3,"$15,982.00",, 31 Mar 2025,418.93,,$38.15,Completed
Zcash Brazil | 2025,Zcash Brazil,Community,,4,"$15,982.00",, 30 Apr 2025,448.05,,$35.67,Completed
Zcash Brazil | 2025,Zcash Brazil,Community,,5,"$15,982.00",, 30 May 2025,325.17,,$49.15,Completed
Zcash Brazil | 2025,Zcash Brazil,Community,,6,"$15,982.00",, 30 Jun 2025,408.02,,$39.17,Completed
Zcash Brazil | 2025,Zcash Brazil,Community,,7,"$15,982.00",, 31 Jul 2025,420.03,,$38.05,Completed
Zcash Brazil | 2025,Zcash Brazil,Community,,8,"$15,982.00",, 1 Sep 2025,398.06,,$40.15,Completed
Zcash Brazil | 2025,Zcash Brazil,Community,,9,"$15,982.00",, 30 Sep 2025,240.51,,$66.45,Completed
Zcash Brazil | 2025,Zcash Brazil,Community,,10,"$15,982.00",, 1 Nov 2025,39.26,,$407.08,Completed
Zcash Brazil | 2025,Zcash Brazil,Community,,11,"$15,982.00",, 1 Dec 2025,41.56,,$384.55,Completed
Zcash Brazil | 2025,Zcash Brazil,Community,,12,"$15,982.00",, 29 Dec 2025,29.22,,$546.95,Completed
Zcash Global en Español 2025,Zcash Español,Community,Monthly,1,"$6,000.00",, 5 Feb 2025,187.27,,$32.04,Completed
Zcash Global en Español 2025,Zcash Español,Community,,2,"$6,000.00",, 7 Mar 2025,178.57,,$33.60,Completed
Zcash Global en Español 2025,Zcash Español,Community,,3,"$6,000.00",, 7 Apr 2025,184.45,,$32.53,Completed
Zcash Global en Español 2025,Zcash Español,Community,,4,"$6,000.00",, 6 May 2025,165.98,,$36.15,Completed
Zcash Global en Español 2025,Zcash Español,Community,,5,"$6,000.00",, 6 Jun 2025,122.75,,$48.88,Completed
Zcash Global en Español 2025,Zcash Español,Community,,6,"$6,000.00",, 4 Jul 2025,148.51,,$40.40,Completed
Zcash Global en Español 2025,Zcash Español,Community,,7,"$6,000.00",, 6 Aug 2025,170.16,,$35.26,Completed
Zcash Global en Español 2025,Zcash Español,Community,,8,"$6,000.00",, 5 Sep 2025,146.59,,$40.93,Completed
Zcash Global en Español 2025,Zcash Español,Community,,9,"$6,000.00",, 6 Oct 2025,37.48,,$160.09,Completed
Zcash Global en Español 2025,Zcash Español,Community,,10,"$6,000.00",, 7 Nov 2025,8.72,,$688.07,Completed
Zcash Global en Español 2025,Zcash Español,Community,,11,"$6,000.00",, 4 Dec 2025,17.19,,$349.04,Completed
Zcash Global en Español 2025,Zcash Español,Community,,12,"$6,000.00",, 13 Jan 2026,15.36,,$390.63,Completed
Grant Proposal for Zk Av Club Community Support 2025,ZK AV Club,Community,Monthly,Start Up Funding,"$15,000.00",, 5 Feb 2025,449.1,,$33.40,Completed
Grant Proposal for Zk Av Club Community Support 2025,ZK AV Club,Community,,1,"$15,000.00",, 11 Jul 2025,343.56,,$43.66,Completed
Grant Proposal for Zk Av Club Community Support 2025,ZK AV Club,Community,,2 + prize pool funds,"$17,000.00",, 21 Oct 2025,65.33,,$260.22,Completed
Grant Proposal for Zk Av Club Community Support 2025,ZK AV Club,Community,,3,"$13,000.00",, 5 Jan 2026,26.41,,$492.24,Completed
ZSAs in NU7/ Zebra ZSA Integration,QEDIT,Integration,Monthly,Start Up Funding,"$210,000.00",, 28 Jan 2025,4864.49,,$43.17,Completed
ZSAs in NU7/ Zebra ZSA Integration,QEDIT,Integration,,1,"$105,000.00",, 6 Feb 2025,3480.28,,$30.17,Completed
ZSAs in NU7/ Zebra ZSA Integration,QEDIT,Integration,,2,"$105,000.00",, 7 Mar 2025,3125,,$33.60,Completed
ZSAs in NU7/ Zebra ZSA Integration,QEDIT,Integration,,3,"$105,000.00",, 10 Apr 2025,3081.89,,$34.07,Completed
ZSAs in NU7/ Zebra ZSA Integration,QEDIT,Integration,,4,"$105,000.00",, 5 May 2025,2840.91,,$36.96,Completed
ZSAs in NU7/ Zebra ZSA Integration,QEDIT,Integration,,5,"$105,000.00",, 4 Jun 2025,2043.99,,$51.37,Completed
ZSAs in NU7/ Zebra ZSA Integration,QEDIT,Integration,,6,"$105,000.00",, 1 Jul 2025,2876.71,,$36.50,Completed
Zcash Global Turkish 2025,Batuhan,Community,Monthly,Start Up Funding,"$1,900.00",, 21 Jan 2025,38.85,,$48.91,Completed
Zcash Global Turkish 2025,Batuhan,Community,,1,"$1,900.00",, 19 Feb 2025,52.46,,$36.22,Completed
Zcash Global Turkish 2025,Batuhan,Community,,2,"$1,900.00",, 20 Mar 2025,56.08,,$33.88,Completed
Zcash Global Turkish 2025,Batuhan,Community,,3,$0.00,, 18 Apr 2025,0,,,Completed
Zcash Nigeria 2025 ,Zcash Nigeria,Community,Monthly,Start Up Funding,"$3,200.00",, 3 Feb 2025,90.09,,$35.52,Completed
Zcash Nigeria 2025 ,Zcash Nigeria,Community,,1,$0.00,, 3 Feb 2025,,,,Completed
Zcash Nigeria 2025 ,Zcash Nigeria,Community,,2,"$3,200.00",, 1 Apr 2025,77,,$41.56,Completed
Zcash Nigeria 2025 ,Zcash Nigeria,Community,,3,"$3,200.00",, 30 Apr 2025,89.89,,$35.60,Completed
Upgrade BTCPayServer Zcash Plugin for 2.1 ,1337bytes,Integration,Monthly,Start Up Funding,"$7,200.00",, 1 May 2025,202.815,,$35.50,Completed
Upgrade BTCPayServer Zcash Plugin for 2.1 ,1337bytes,Integration,,1,"$7,200.00",, 1 May 2025,202.815,,$35.50,Completed
Upgrade BTCPayServer Zcash Plugin for 2.1 ,1337bytes,Integration,,2,"$7,200.00",, 1 Jul 2025,197.26,,$36.50,Completed
Zaino Completion,Zingo Labs,Protocol Development,Monthly,Start Up Funding,"$23,640.00",, 27 May 2025,442.7,,$53.40,Open
Zaino Completion,Zingo Labs,Protocol Development,,1,"$70,400.00",, 20 May 2026,108.07,,$651.43,Open
Zaino Completion,Zingo Labs,Protocol Development,,2,"$57,200.00",  18 Aug 2025,,,,,Open
Zcash Global Turkiye Q2,Batuhan,Community,Monthly,Start Up Funding,"$2,600.00",, 13 May 2025,60.38,,$43.06,Completed
Zcash Global Turkiye Q2,Batuhan,Community,,1,"$2,600.00",, 21 May 2025,62.35,,$41.70,Completed
Zcash Global Turkiye Q2,Batuhan,Community,,2,"$2,600.00",, 20 Jun 2025,63.94,,$40.66,Completed
Zcash Global Turkiye Q2,Batuhan,Community,,3,"$2,600.00",, 21 Jul 2025,57.93,,$44.88,Completed
Zcash Nigeria 2025 v.2.0 ( May-july),Zcash Nigeria,Community,Monthly,1,"$3,200.00",, 2 Jun 2025,60.26,,$53.10,Completed
Zcash Nigeria 2025 v.2.0 ( May-july),Zcash Nigeria,Community,,2,"$3,200.00",, 2 Jul 2025,84.21,,$38.00,Completed
Zcash Nigeria 2025 v.2.0 ( May-july),Zcash Nigeria,Community,,3,"$3,200.00",, 4 Aug 2025,86.56,,$36.97,Completed
Support In Person Collaboration at Z|ECC Summit in Prague,Zingo Labs,Research & Development,Milestone,1,"$6,121.00",, 17 Jun 2025,149.47,,$40.95,Completed
Support In Person Collaboration at Z|ECC Summit in Prague,Zingo Labs,Research & Development,,1,"-$2,394.99",, 3 Jul 2025,-60.1,,,Completed
"Zaino Respecification, No Delay",Zingo Labs,Infrastructure,Monthly,1,"$54,560.00",, 29 Aug 2025,1340.21,,$40.71,Completed
"ZSAs in NU7, H2 2025 extension",QEDIT,Integration,Monthly,1,"$118,000.00",, 13 Aug 2025,2949.26,,$40.01,Completed
"ZSAs in NU7, H2 2025 extension",QEDIT,Integration,,2,"$114,312.00",, 3 Sep 2025,2670.22,,$42.81,Completed
"ZSAs in NU7, H2 2025 extension",QEDIT,Integration,,3,"$103,249.00",, 10 Oct 2025,429.85,,$240.20,Completed
"ZSAs in NU7, H2 2025 extension",QEDIT,Integration,,4,"$92,186.00",, 4 Nov 2025,217.35,,$424.14,Completed
"ZSAs in NU7, H2 2025 extension",QEDIT,Integration,,5,"$92,186.00",, 23 Dec 2025,220.15,,$418.74,Completed
"ZSAs in NU7, H2 2025 extension",QEDIT,Integration,,6,"$92,186.00",, 20 Jan 2026,259.8,,$354.83,Completed
Block explorer + Testnet infrastructure 2025,Cacho,Infrastructure,Monthly,Start Up Funding +1,"$2,100.00",  23 Jun 2025,,,,,Open
Block explorer + Testnet infrastructure 2025,Cacho,Infrastructure,,2,"$2,100.00",  31 Aug 2025,,,,,Open
Block explorer + Testnet infrastructure 2025,Cacho,Infrastructure,,3,"$2,100.00",  30 Nov 2025,,,,,Open
Block explorer + Testnet infrastructure 2025,Cacho,Infrastructure,,4,"$2,100.00",  28 Feb 2026,,,,,Open
Assistance for Legal Compliance Activities (2025),QEDIT,Integration,Milestone,1,"$59,130.00",, 10 Oct 2025,246.17,,$240.20,Completed
MFKDF2,"Multifactor, Inc.",Research & Development,Monthly,Start Up Funding,"$5,000.00",, 5 Aug 2025,142.33,,$35.13,Cancelled
MFKDF2,"Multifactor, Inc.",Research & Development,,1,"$7,500.00",, 18 Sep 2025,147.9,,$50.71,Cancelled
MFKDF2,"Multifactor, Inc.",Research & Development,,2,"$7,500.00",, 5 Mar 2026,32.72,,$229.22,Cancelled
MFKDF2,"Multifactor, Inc.",Research & Development,,3,"$10,000.00",, 8 Apr 2026,30.44,,$328.52,Cancelled
MFKDF2,"Multifactor, Inc.",Research & Development,,4,$0.00,,,,,,Cancelled
MFKDF2,"Multifactor, Inc.",Research & Development,,5,$0.00,,,,,,Cancelled
PGP* (Pretty Good Policy) for Crypto Events,"PGP for Crypto, LLC",Event Sponsorship,Monthly,1,"$5,000.00",, 30 Sep 2025,75.24,,$66.45,Completed
PGP* (Pretty Good Policy) for Crypto Events,"PGP for Crypto, LLC",Event Sponsorship,,2,"$5,000.00",, 20 Oct 2025,18.69,,$267.52,Completed
PGP* (Pretty Good Policy) for Crypto Events,"PGP for Crypto, LLC",Event Sponsorship,,3,"$5,000.00",, 28 Nov 2025,10.79,,$463.39,Completed
PGP* (Pretty Good Policy) for Crypto Events,"PGP for Crypto, LLC",Event Sponsorship,,4,"$5,000.00",, 23 Dec 2025,11.94,,$418.76,Completed
BTCPayServer - Orchard and UA,Hanh,Integration,Milestone,1,"$15,000.00",, 21 Nov 2025,24.67,,$608.03,Completed
Zcash Nigeria 2025 (August - October),Zcash Nigeria,Community,Monthly,1,"$3,200.00",, 2 Sep 2025,77.58,,$41.25,Completed
Zcash Nigeria 2025 (August - October),Zcash Nigeria,Community,,2,"$3,200.00",, 1 Oct 2025,35.27,,$90.73,Completed
Zcash Nigeria 2025 (August - October),Zcash Nigeria,Community,,3,"$3,200.00",, 1 Nov 2025,7.78,,$411.31,Completed
Zcash Global Türkish 2025 Q3-4 ,Batuhan,Community,Monthly,Start Up Funding,"$2,600.00",, 2 Sep 2025,63.71,,$40.81,Completed
Zcash Global Türkish 2025 Q3-4 ,Batuhan,Community,,1,"$2,600.00",, 19 Sep 2025,52.94,,$49.11,Completed
Zcash Global Türkish 2025 Q3-4 ,Batuhan,Community,,2,"$2,600.00",, 20 Oct 2025,9.72,,$267.49,Completed
Zcash Global Türkish 2025 Q3-4 ,Batuhan,Community,,3,"$2,600.00",, 19 Nov 2025,4.14,,$628.02,Completed
Zcash Global Türkish 2025 Q3-4 ,Batuhan,Community,,4,$0.00,, 20 Dec 2025,,,,Completed
Twitter Ambassador Program by @_tm3k,tm3k,Community,Monthly,Start Up Funding,$0.00,,,,,,Completed
Twitter Ambassador Program by @_tm3k,tm3k,Community,,1,"$1,500.00",, 6 Oct 2025,9.37,,$160.09,Completed
Twitter Ambassador Program by @_tm3k,tm3k,Community,,2,"$1,500.00",, 4 Nov 2025,3.54,,$423.73,Completed
Twitter Ambassador Program by @_tm3k,tm3k,Community,,3,"$1,500.00",, 8 Dec 2025,3.69,,$406.50,Completed
ShapeShift to Integrate Zcash,ShapeShift DAO,Integration,Monthly,Start Up Funding,"$36,000.00",, 25 Feb 2026,144.76,,$248.69,Completed
ShapeShift to Integrate Zcash,ShapeShift DAO,Integration,,1,$0.00,, 25 Feb 2026,,,,Completed
ShapeShift to Integrate Zcash,ShapeShift DAO,Integration,,2,$0.00,, 25 Feb 2026,,,,Completed
ShapeShift to Integrate Zcash,ShapeShift DAO,Integration,,3,$0.00,, 25 Feb 2026,,,,Completed
ShapeShift to Integrate Zcash,ShapeShift DAO,Integration,,4,$0.00,, 25 Feb 2026,,,,Completed
ShapeShift to Integrate Zcash,ShapeShift DAO,Integration,,5,"$14,000.00",, 25 Feb 2026,56.3,,$248.67,Completed
"Zaino, The Zallet Release ",Zingo Labs,Infrastructure,Monthly,Start Up Funding,"$29,491.20",, 22 Sep 2025,614.02,,$48.03,Completed
"Zaino, The Zallet Release ",Zingo Labs,Infrastructure,,1,"$40,320.00",, 3 Apr 2026,172.01,,$234.40,Completed
ZeWIF Errors Handling Update,Blockchain Commons,Wallets,Milestone,1,"$4,500.00",, 24 Oct 2025,16.91,,$266.11,Completed
Maintenance and Improvements to Coin Voting,Hanh,Non-Wallet Applications,Milestone,Start Up Funding,"$2,000.00",, 22 Dec 2025,4.47,,$447.43,Open
Maintenance and Improvements to Coin Voting,Hanh,Non-Wallet Applications,,1,"$26,000.00",, 22 Dec 2025,58.16,,$447.04,Open
Maintenance and Improvements to Coin Voting,Hanh,Non-Wallet Applications,,2,"$26,000.00",, 6 Jan 2026,51.13,,$508.51,Open
Maintenance and Improvements to Coin Voting,Hanh,Non-Wallet Applications,,3,"$26,000.00",, 2 Feb 2026,86.09,,$302.01,Open
Maintenance and Improvements to Coin Voting,Hanh,Non-Wallet Applications,,4,"$26,000.00",, 2 Mar 2026,116.78,,$222.64,Open
Maintenance and Improvements to Coin Voting,Hanh,Non-Wallet Applications,,5,"$26,000.00",, 1 Apr 2026,107.55,,$241.75,Open
Maintenance and Improvements to Coin Voting,Hanh,Non-Wallet Applications,,6,"$26,000.00",, 1 May 2026,67.99,,$382.41,Open
Maintenance and Improvements to Coin Voting,Hanh,Non-Wallet Applications,,7,"$26,000.00",, 22 Jun 2026,57.76,,$450.14,Open
Maintenance and Improvements to Coin Voting,Hanh,Non-Wallet Applications,,8,"$26,000.00",, 3 Sep 2026,27.48,,$946.14,Open
Maintenance and Improvements to Coin Voting,Hanh,Non-Wallet Applications,,9,"$26,000.00",TBD,,,,,Open
Maintenance and Improvements to Coin Voting,Hanh,Non-Wallet Applications,,10,"$26,000.00",TBD,,,,,Open
Maintenance and Improvements to Coin Voting,Hanh,Non-Wallet Applications,,11,"$26,000.00",TBD,,,,,Open
Maintenance and Improvements to Coin Voting,Hanh,Non-Wallet Applications,,12,"$26,000.00",TBD,,,,,Open
Zebra Regtest CI Kit (ZRK),Abdulkareem Oyeneye (Dapps over Apps),Infrastructure,Monthly,1,"$3,000.00",, 11 Nov 2025,6.07,,$494.23,Cancelled
Zebra Regtest CI Kit (ZRK),Abdulkareem Oyeneye (Dapps over Apps),Infrastructure,,2,"$9,000.00",, 20 Feb 2026,35.23,,$255.46,Cancelled
Zebra Regtest CI Kit (ZRK),Abdulkareem Oyeneye (Dapps over Apps),Infrastructure,,3,"$8,000.00",, 17 Apr 2026,22.63,,$353.51,Cancelled
Zebra Regtest CI Kit (ZRK),Abdulkareem Oyeneye (Dapps over Apps),Infrastructure,,4,$0.00,,,,,,Cancelled
Zebra Regtest CI Kit (ZRK),Abdulkareem Oyeneye (Dapps over Apps),Infrastructure,,5,$0.00,,,,,,Cancelled
Zcash Nigeria 2025 (November - December),Zcash Nigeria,Community,Monthly,1,"$3,200.00",, 2 Dec 2025,9.08,,$352.42,Completed
Zcash Nigeria 2025 (November - December),Zcash Nigeria,Community,,2,"$3,200.00",, 31 Dec 2025,6.33,,$505.53,Completed
ZEC-NAM shielded airdrop protocol,Equilibrium,Non-Wallet Applications,Monthly,1,"$37,500.00",, 15 Jan 2026,86.31,,$434.48,Completed
ZEC-NAM shielded airdrop protocol,Equilibrium,Non-Wallet Applications,,2,"$37,500.00",, 2 Mar 2026,168.43,,$222.64,Completed
ZEC-NAM shielded airdrop protocol,Equilibrium,Non-Wallet Applications,,3,"$37,500.00",, 18 Mar 2026,146.68,,$255.66,Completed
ZEC-NAM shielded airdrop protocol,Equilibrium,Non-Wallet Applications,,4,"$37,500.00",, 27 Apr 2026,106.29,,$352.81,Completed
Bootstrapped and deterministic builds a la StageX,Distrust.co,Non-Wallet Applications,Monthly,1,"$25,000.00",, 12 Dec 2025,55.02,,$454.38,Open
Bootstrapped and deterministic builds a la StageX,Distrust.co,Non-Wallet Applications,,2,"$18,000.00",, 21 Apr 2026,58.29,,$308.80,Open
Bootstrapped and deterministic builds a la StageX,Distrust.co,Non-Wallet Applications,,3,"$5,000.00",  1 Nov 2026,,,,,Open
ZGo 2025 (Retroactive),Vergara Technologies ,Non-Wallet Applications,Monthly,1,"$121,600.00",, 8 Dec 2025,297.66,,$408.52,Completed
ZGo 2025 (Retroactive),Vergara Technologies ,Non-Wallet Applications,,2,"$17,200.00",, 3 Feb 2026,63.86,,$269.34,Completed
Zcash Shielded support in Ledger Wallet and Ledger devices,Ledger,Wallets,Milestone,1,"$300,000.00",  1 Mar 2026,,,,,Open
ZecHub 2026,ZecHub,Education,Monthly,Startup Funding,"$4,716.00",, 2 Jan 2026,9.62,,$490.23,Open
ZecHub 2026,ZecHub,Education,,Bounty,"$52,043.25",, 6 Jan 2026,105,,$495.65,Open
ZecHub 2026,ZecHub,Education,,1,"$31,360.00",, 2 Feb 2026,103.84,,$302.00,Open
ZecHub 2026,ZecHub,Education,,2,"$31,360.00",, 2 Mar 2026,140.85,,$222.65,Open
ZecHub 2026,ZecHub,Education,,3,"$31,360.00",, 2 Apr 2026,133.62,,$234.70,Open
ZecHub 2026,ZecHub,Education,,4,"$31,360.00",, 1 May 2026,82,,$382.44,Open
ZecHub 2026,ZecHub,Education,,5,"$31,360.00",, 2 Jun 2026,52.28,,$599.85,Open
ZecHub 2026,ZecHub,Education,,6,"$31,360.00",, 2 Jul 2026,71.76,,$437.01,Open
ZecHub 2026,ZecHub,Education,,7,"$31,360.00",, 3 Aug 2026,64.26,,$488.02,Open
ZecHub 2026,ZecHub,Education,,8,"$31,360.00",, 3 Sep 2026,33.15,,$946.00,Open
ZecHub 2026,ZecHub,Education,,9,"$31,360.00",  20 Sep 2026,,,,,Open
ZecHub 2026,ZecHub,Education,,10,"$31,360.00",  31 Oct 2026,,,,,Open
ZecHub 2026,ZecHub,Education,,11,"$31,360.00",  30 Nov 2026,,,,,Open
ZecHub 2026,ZecHub,Education,,12,"$31,360.00",  31 Dec 2026,,,,,Open
Zcash Nigeria 2026,Zcash Nigeria,Community,Monthly,Startup Funding: Conferences,"$1,000.00",, 2 Mar 2026,4.49,,$222.72,Open
Zcash Nigeria 2026,Zcash Nigeria,Community,,Startup Funding: Jan & Feb Meetup,$200.00,, 4 Mar 2026,0.81,,$246.91,Open
Zcash Nigeria 2026,Zcash Nigeria,Community,,Startup Funding: Conferences,,  31 Dec 2026,,,,,Open
Zcash Nigeria 2026,Zcash Nigeria,Community,,Startup Funding: Conferences,,  31 Dec 2026,,,,,Open
Zcash Nigeria 2026,Zcash Nigeria,Community,,Startup Funding: Conferences,,  31 Dec 2026,,,,,Open
Zcash Nigeria 2026,Zcash Nigeria,Community,,Startup Funding: Conferences,,  31 Dec 2026,,,,,Open
Zcash Nigeria 2026,Zcash Nigeria,Community,,Startup Funding: Conferences,,  31 Dec 2026,,,,,Open
Zcash Nigeria 2026,Zcash Nigeria,Community,,Startup Funding: Conferences,,  31 Dec 2026,,,,,Open
Zcash Nigeria 2026,Zcash Nigeria,Community,,Startup Funding: Conferences,,  31 Dec 2026,,,,,Open
Zcash Nigeria 2026,Zcash Nigeria,Community,,Startup Funding: Conferences,,  31 Dec 2026,,,,,Open
Zcash Nigeria 2026,Zcash Nigeria,Community,,Startup Funding: Conferences,,  31 Dec 2026,,,,,Open
Zcash Nigeria 2026,Zcash Nigeria,Community,,Startup Funding: Conferences,"$4,000.00",  31 Dec 2026,,,,,Open
Zcash Nigeria 2026,Zcash Nigeria,Community,,1,"$5,200.00",, 2 Feb 2026,17.22,,$301.97,Open
Zcash Nigeria 2026,Zcash Nigeria,Community,,2,"$5,200.00",, 2 Mar 2026,23.36,,$222.65,Open
Zcash Nigeria 2026,Zcash Nigeria,Community,,3,"$5,300.00",, 1 Apr 2026,21.92,,$241.79,Open
Zcash Nigeria 2026,Zcash Nigeria,Community,,4,"$5,300.00",, 1 May 2026,13.86,,$382.40,Open
Zcash Nigeria 2026,Zcash Nigeria,Community,,5,"$5,300.00",, 1 Jun 2026,9.89,,$535.89,Open
Zcash Nigeria 2026,Zcash Nigeria,Community,,6,"$5,300.00",, 1 Jul 2026,12.72,,$416.67,Open
Zcash Nigeria 2026,Zcash Nigeria,Community,,7,"$5,300.00",, 3 Aug 2026,10.86,,$488.03,Open
Zcash Nigeria 2026,Zcash Nigeria,Community,,8,"$5,300.00",, 1 Sep 2026,6.41,,$826.83,Open
Zcash Nigeria 2026,Zcash Nigeria,Community,,9,"$5,300.00",  30 Sep 2026,,,,,Open
Zcash Nigeria 2026,Zcash Nigeria,Community,,10,"$5,300.00",  31 Oct 2026,,,,,Open
Zcash Nigeria 2026,Zcash Nigeria,Community,,11,"$5,300.00",  30 Nov 2026,,,,,Open
Zcash Nigeria 2026,Zcash Nigeria,Community,,12,"$5,300.00",  31 Dec 2026,,,,,Open
OrchardZSA finalization,QEDIT,Integration,Monthly,1,"$92,186.00",, 3 Feb 2026,330.93,,$278.57,Completed
OrchardZSA finalization,QEDIT,Integration,,2,"$92,186.00",, 6 Mar 2026,431.78,,$213.50,Completed
OrchardZSA finalization,QEDIT,Integration,,3,"$92,186.00",, 3 Apr 2026,393.28,,$234.40,Completed
Zcash Brazil 2026,Zcash Brazil,Community,Monthly,Event Reimbursement,"$3,426.00",, 30 Jan 2026,10.23,,$334.90,Open
Zcash Brazil 2026,Zcash Brazil,Community,,Event Reimbursement,"$27,605.00",, 2 Mar 2026,123.98,,$222.66,Open
Zcash Brazil 2026,Zcash Brazil,Community,,Event Reimbursement,"$3,975.00",, 31 Mar 2026,16.01,,$248.28,Open
Zcash Brazil 2026,Zcash Brazil,Community,,Event Reimbursement,"$7,679.00",, 30 Apr 2026,22.84,,$336.21,Open
Zcash Brazil 2026,Zcash Brazil,Community,,Event Reimbursement,"$11,310.00",, 29 May 2026,21.29,,$531.24,Open
Zcash Brazil 2026,Zcash Brazil,Community,,Event Reimbursement,"$4,999.00",, 30 Jun 2026,12.66,,$394.87,Open
Zcash Brazil 2026,Zcash Brazil,Community,,Event Reimbursement,"$6,004.00",, 3 Aug 2026,12.30,,$488.13,Open
Zcash Brazil 2026,Zcash Brazil,Community,,Event Reimbursement,"$2,999.00",, 1 Sep 2026,3.63,,$826.17,Open
Zcash Brazil 2026,Zcash Brazil,Community,,Event Reimbursement,$0.00,  31 Dec 2026,,,,,Open
Zcash Brazil 2026,Zcash Brazil,Community,,Event Reimbursement,$0.00,  31 Dec 2026,,,,,Open
Zcash Brazil 2026,Zcash Brazil,Community,,Event Reimbursement,$0.00,  31 Dec 2026,,,,,Open
Zcash Brazil 2026,Zcash Brazil,Community,,Event Reimbursement,"$12,003.00",  31 Dec 2026,,,,,Open
Zcash Brazil 2026,Zcash Brazil,Community,,Startup Funding,"$2,989.00",, 29 Dec 2025,5.46,,$547.44,Open
Zcash Brazil 2026,Zcash Brazil,Community,,1,"$21,833.00",, 30 Jan 2026,65.17,,$335.02,Open
Zcash Brazil 2026,Zcash Brazil,Community,,2,"$21,833.00",, 2 Mar 2026,98.06,,$222.65,Open
Zcash Brazil 2026,Zcash Brazil,Community,,3,"$21,833.00",, 31 Mar 2026,88.05,,$247.96,Open
Zcash Brazil 2026,Zcash Brazil,Community,,4,"$21,833.00",, 30 Apr 2026,64.94,,$336.20,Open
Zcash Brazil 2026,Zcash Brazil,Community,,5,"$21,833.00",, 29 May 2026,41.09,,$531.35,Open
Zcash Brazil 2026,Zcash Brazil,Community,,6,"$21,833.00",, 30 Jun 2026,55.30,,$394.81,Open
Zcash Brazil 2026,Zcash Brazil,Community,,7,"$21,833.00",, 3 Aug 2026,44.74,,$488.00,Open
Zcash Brazil 2026,Zcash Brazil,Community,,8,"$21,833.00",, 1 Sep 2026,26.39,,$827.32,Open
Zcash Brazil 2026,Zcash Brazil,Community,,9,"$21,833.00",  30 Sep 2026,,,,,Open
Zcash Brazil 2026,Zcash Brazil,Community,,10,"$21,833.00",  31 Oct 2026,,,,,Open
Zcash Brazil 2026,Zcash Brazil,Community,,11,"$21,833.00",  30 Nov 2026,,,,,Open
Zcash Brazil 2026,Zcash Brazil,Community,,12,"$21,833.00",  31 Dec 2026,,,,,Open
Zcash Global en Español 2026,Zcash Español,Community,Monthly,1,"$8,925.00",, 5 Feb 2026,39.05,,$228.55,Open
Zcash Global en Español 2026,Zcash Español,Community,,2,"$8,625.00",, 6 Mar 2026,38.99,,$221.21,Open
Zcash Global en Español 2026,Zcash Español,Community,,3,"$8,925.00",, 7 Apr 2026,33.49,,$266.50,Open
Zcash Global en Español 2026,Zcash Español,Community,,4,"$9,525.00",, 7 May 2026,16.91,,$563.28,Open
Zcash Global en Español 2026,Zcash Español,Community,,5,"$8,625.00",, 8 Jun 2026,19.4,,$444.59,Open
Zcash Global en Español 2026,Zcash Español,Community,,6,"$12,925.00",, 6 Jul 2026,28.27,,$457.20,Open
Zcash Global en Español 2026,Zcash Español,Community,,7,"$8,925.00",, 6 Aug 2026,17.965,,$496.80,Open
Zcash Global en Español 2026,Zcash Español,Community,,8,"$8,625.00",, 3 Sep 2026,9.12,,$945.72,Open
Zcash Global en Español 2026,Zcash Español,Community,,9,"$9,525.00",  30 Sep 2026,,,,,Open
Zcash Global en Español 2026,Zcash Español,Community,,10,"$8,925.00",  31 Oct 2026,,,,,Open
Zcash Global en Español 2026,Zcash Español,Community,,11,"$8,925.00",  30 Nov 2026,,,,,Open
Zcash Global en Español 2026,Zcash Español,Community,,12,"$8,625.00",  31 Dec 2026,,,,,Open
Zcash Community Media Infrastructure & Support | Zk Av Club 2026,ZK AV Club,Community,Monthly,Start Up Funding,"$63,545.00",, 29 Jan 2026,179.35,,$354.31,Open
Zcash Community Media Infrastructure & Support | Zk Av Club 2026,ZK AV Club,Community,,1,"$10,833.30",, 29 Jan 2026,30.58,,$354.26,Open
Zcash Community Media Infrastructure & Support | Zk Av Club 2026,ZK AV Club,Community,,2,"$10,833.30",, 2 Mar 2026,48.84,,$221.81,Open
Zcash Community Media Infrastructure & Support | Zk Av Club 2026,ZK AV Club,Community,,3,"$12,534.88",, 31 Mar 2026,50.54,,$248.02,Open
Zcash Community Media Infrastructure & Support | Zk Av Club 2026,ZK AV Club,Community,,4,"$11,833.33",, 30 Apr 2026,33.75,,$350.62,Open
Zcash Community Media Infrastructure & Support | Zk Av Club 2026,ZK AV Club,Community,,5,"$13,763.98",, 28 May 2026,25.1,,$548.37,Open
Zcash Community Media Infrastructure & Support | Zk Av Club 2026,ZK AV Club,Community,,6,"$13,683.33",, 30 Jun 2026,34.36,,$398.23,Open
Zcash Community Media Infrastructure & Support | Zk Av Club 2026,ZK AV Club,Community,,7,"$13,683.33",, 3 Aug 2026,27.9,,$490.44,Open
Zcash Community Media Infrastructure & Support | Zk Av Club 2026,ZK AV Club,Community,,8,"$13,683.33",, 31 Aug 2026,16.31,,$838.95,Open
Zcash Community Media Infrastructure & Support | Zk Av Club 2026,ZK AV Club,Community,,9,"$16,037.81",  30 Sep 2026,,,,,Open
Zcash Community Media Infrastructure & Support | Zk Av Club 2026,ZK AV Club,Community,,10,"$16,037.81",  31 Oct 2026,,,,,Open
Zcash Community Media Infrastructure & Support | Zk Av Club 2026,ZK AV Club,Community,,11,"$16,037.81",  30 Nov 2026,,,,,Open
Zcash Community Media Infrastructure & Support | Zk Av Club 2026,ZK AV Club,Community,,12,"$16,037.81",  31 Dec 2026,,,,,Open
Zcash Türkiye 2026 Q1-2,Batuhan,Community,Monthly,Startup Funding,"$4,400.00",, 5 Jan 2026,8.94,,$492.17,Completed
Zcash Türkiye 2026 Q1-2,Batuhan,Community,,1,"$4,400.00",, 19 Jan 2026,11.71,,$375.75,Completed
Zcash Türkiye 2026 Q1-2,Batuhan,Community,,2,"$4,400.00",, 19 Feb 2026,16.79,,$262.06,Completed
Zcash Türkiye 2026 Q1-2,Batuhan,Community,,3,"$4,400.00",, 19 Mar 2026,18.54,,$237.32,Completed
Zcash Türkiye 2026 Q1-2,Batuhan,Community,,4,"$4,400.00",, 21 Apr 2026,14.25,,$308.77,Completed
Zcash Türkiye 2026 Q1-2,Batuhan,Community,,5,"$4,400.00",, 19 May 2026,7.7,,$571.43,Completed
Zcash Türkiye 2026 Q1-2,Batuhan,Community,,6,$0.00,, 19 Jun 2026,0,,,Completed
Grassroots Marketing at ETHDenver 2026,readymouse,Event Sponsorship,Milestone,Startup Funding,"$9,000.00",, 26 Jan 2026,25.1,,$358.57,Completed
Zcash Türkiye – Sustainability and the ZBase Vision,Batuhan,Media,Milestone,Startup Funding,"$21,000.00",, 6 Feb 2026,86.44,,$242.94,Completed
Zcash Türkiye – Sustainability and the ZBase Vision,Batuhan,Media,,1,"$10,000.00",, 10 Mar 2026,45.19,,$221.29,Completed
ZcashArabia Q1 2026,ZcashArabia,Education,Monthly,1,"$2,500.00",, 2 Mar 2026,11.23,,$222.62,Completed
ZcashArabia Q1 2026,ZcashArabia,Education,,2,"$2,500.00",, 31 Mar 2026,10.08,,$248.02,Completed
ZcashArabia Q1 2026,ZcashArabia,Education,,3,"$2,500.00",, 28 Apr 2026,7.46,,$335.12,Completed
CipherScan,CipherScan,Infrastructure,Monthly,Startup Funding,"$14,700.00",, 17 Feb 2026,51.53,,$285.27,Open
CipherScan,CipherScan,Infrastructure,,1,$0.00,, 4 Mar 2026,0,,,Open
CipherScan,CipherScan,Infrastructure,,2,"$14,700.00",, 31 Mar 2026,59.27,,$248.02,Open
CipherScan,CipherScan,Infrastructure,,3,"$14,700.00",, 11 Jun 2026,35,,$420.00,Open
CipherScan,CipherScan,Infrastructure,,3.5,"$14,700.00",, 23 Jul 2026,28.73,,$511.66,Open
CipherScan,CipherScan,Infrastructure,,4,"$14,700.00",  31 Dec 2026,,,,,Open
Zingo Labs Hackfest,Zingo Labs,Event Sponsorship,Milestone,Startup Funding,"$25,500.23",, 17 Feb 2026,89.39,,$285.27,Completed
"Marketing at ETHCC + Exxxotica, Chicago",readymouse,Community,Milestone,Startup Funding,"$18,510.00",, 18 Mar 2026,72.4,,$255.66,Completed
OneKey Zcash Hardware Support with Unified Wallet Architecture (Transparent + Shielded),OneKey,Infrastructure,Monthly,Startup Funding,"$10,000.00",, 28 May 2026,18.67,,$535.62,Open
OneKey Zcash Hardware Support with Unified Wallet Architecture (Transparent + Shielded),OneKey,Infrastructure,,1,"$25,000.00",  30 Jul 2026,,,,,Open
OneKey Zcash Hardware Support with Unified Wallet Architecture (Transparent + Shielded),OneKey,Infrastructure,,2,"$10,000.00",  30 Sep 2026,,,,,Open
OneKey Zcash Hardware Support with Unified Wallet Architecture (Transparent + Shielded),OneKey,Infrastructure,,3,$0.00,  31 Dec 2026,,,,,Open
Zebra Coverage-Guided Fuzzing Infrastructure,robustfengbin,Research & Development,Monthly,Startup Funding,"$3,000.00",, 30 Mar 2026,13.47,,$222.72,Open
Zebra Coverage-Guided Fuzzing Infrastructure,robustfengbin,Research & Development,,1,"$9,000.00",, 1 Jun 2026,16.74,,$537.63,Open
Zebra Coverage-Guided Fuzzing Infrastructure,robustfengbin,Research & Development,,2,"$9,000.00",, 19 Jun 2026,19.94,,$451.35,Open
Zebra Coverage-Guided Fuzzing Infrastructure,robustfengbin,Research & Development,,3,"$9,000.00",  30 Sep 2026,,,,,Open
Rhea Zcash Gateway,Rhea Finance,Wallets,Monthly,Startup Funding,"$10,000.00",, 7 Apr 2026,37.16,,$269.11,Completed
Rhea Zcash Gateway,Rhea Finance,Wallets,,1,"$15,000.00",, 27 Apr 2026,42.65,,$351.70,Completed
Rhea Zcash Gateway,Rhea Finance,Wallets,,2,"$12,500.00",, 19 May 2026,21.88,,$571.30,Completed
Rhea Zcash Gateway,Rhea Finance,Wallets,,3,"$10,500.00",, 28 May 2026,19.6,,$535.71,Completed
Rhea Zcash Gateway,Rhea Finance,Wallets,,4,"$6,200.00",, 22 Jun 2026,13.78,,$449.93,Completed
Zcash Ecosystem Onboarding At Women in DeFi Summit 2026,Zcash Ecosystem Onboarding,Community,Milestone,Startup Funding,"$4,960.00",, 3 Apr 2026,21.16,,$234.40,Completed
Zcash Ghana (April 2026 - June 2026),ZcashGH,Community,Monthly,1,"$4,200.00",, 1 May 2026,10.98,,$382.51,Completed
Zcash Ghana (April 2026 - June 2026),ZcashGH,Community,,2,"$4,200.00",, 28 May 2026,7.84,,$535.71,Completed
Zcash Ghana (April 2026 - June 2026),ZcashGH,Community,,3,"$4,200.00",, 15 Jun 2026,7.98,,$526.32,Completed
Marketing at Berlin Blockchain Week & 2-Day Event with WebZero,readymouse,Event Sponsorship,Milestone,Startup Funding,"$63,820.00",, 13 Apr 2026,181,,$352.60,Completed
Mastering Zcash Video Series,maxdesalle,Education,Monthly,1,$0.00,,,,,,Cancelled
Mastering Zcash Video Series,maxdesalle,Education,,2,$0.00,,,,,,Cancelled
Mastering Zcash Video Series,maxdesalle,Education,,3,$0.00,,,,,,Cancelled
Zcash Integration for the Open Wallet Standard (OWS),Atmosphere Labs,Integration,Monthly,Startup Funding,"$5,000.00",, 13 Apr 2026,14.18,,$352.61,Completed
Zcash Integration for the Open Wallet Standard (OWS),Atmosphere Labs,Integration,,1,"$20,000.00",, 24 Apr 2026,57.12,,$350.14,Completed
Zcash Network School,Weever / Zcash.me,Community,Monthly,Startup Funding,"$5,440.00",, 30 Apr 2026,16.16,,$336.63,Completed
Zcash Network School,Weever / Zcash.me,Community,,1,"$2,720.00",, 1 Jun 2026,4.9,,$555.10,Completed
Zcash Network School,Weever / Zcash.me,Community,,2,"$2,720.00",, 6 Jul 2026,5.95,,$457.14,Completed
Zcash Network School,Weever / Zcash.me,Community,,3,"$1,498.75",, 7 Aug 2026,2.94,,$509.78,Completed
Zcash Marketing at Istanbul Blockchain Week & Community Activation,Batuhan,Event Sponsorship,Milestone,Startup Funding,"$15,900.00",, 21 Apr 2026,51.49,,$308.80,Completed
Zcash CIS Media & Community Growth Program 2026,PRO BLOCKCHAIN,Media,Monthly,1,"$3,000.00",, 1 Jun 2026,5.54,,$541.52,Completed
Grassroots Marketing Team at DWeb Camp,readymouse,Event Sponsorship,Milestone,Startup Funding,"$10,200.00",, 4 May 2026,24.28,,$420.10,Completed
BTCPayServer Multi-Account and 0conf Mempool Support,1337bytes,Non-Wallet Applications,Monthly,1,"$16,800.00",, 5 May 2026,39,,$430.77,Completed
BTCPayServer Multi-Account and 0conf Mempool Support,1337bytes,Non-Wallet Applications,,2,"$8,400.00",, 17 Aug 2016,16.39,,$512.51,Completed
Hito,Hito Inc,Wallets,Monthly,Startup Funding,"$10,000.00",, 12 May 2026,18.27,,$547.35,Completed
Hito,Hito Inc,Wallets,,1,"$10,000.00",, 29 Jun 2026,25.64,,$390.02,Completed
Hito,Hito Inc,Wallets,,2,"$15,000.00",, 3 Aug 2026,30.74,,$487.96,Completed
Hito,Hito Inc,Wallets,,3,"$15,000.00",, 2 Sep 2026,18.43,,$813.89,Completed
Using Zcash in an internet freedom crowdfunding campaign,Tor,Community,Milestone,Startup Funding,"$50,000.00",, 19 May 2026,87.52,,$571.30,Completed
Cypherpunk Policy Dinner (“CPD”) ZCG Anchor Sponsorship,"PGP for Crypto, LLC",Event Sponsorship,Milestone,Startup Funding,"$25,000.00",, 25 May 2026,38.53,,$648.85,Completed
Zcash Arabia (May to September 2026),ZcashArabia,Education,Monthly,1,"$4,000.00",, 27 May 2026,7.25,,$551.72,Completed
Zcash Name Service,"ZcashMe, Inc",Infrastructure,Monthly,Startup Funding,"$48,000.00",  12 Jun 2026,,,,,Open
Zcash Name Service,"ZcashMe, Inc",Infrastructure,,1,"$1,000.00",  25 May 2026,,,,,Open
Zcash Name Service,"ZcashMe, Inc",Infrastructure,,2,"$8,000.00",  1 Jun 2026,,,,,Open
Zcash Name Service,"ZcashMe, Inc",Infrastructure,,3,"$14,200.00",  8 Jun 2026,,,,,Open
Zcash Name Service,"ZcashMe, Inc",Infrastructure,,4,"$5,000.00",  15 Jun 2026,,,,,Open
Zcash Name Service,"ZcashMe, Inc",Infrastructure,,5,"$6,000.00",  22 Jun 2026,,,,,Open
Zcash Name Service,"ZcashMe, Inc",Infrastructure,,6,"$4,000.00",  29 Jun 2026,,,,,Open
Zcash Name Service,"ZcashMe, Inc",Infrastructure,,7,"$4,000.00",  6 Jul 2026,,,,,Open
Zcash Name Service,"ZcashMe, Inc",Infrastructure,,8,"$2,000.00",  13 Jul 2026,,,,,Open
Feature Branch Testnet and Compatible Developer Tooling,QEDIT,Infrastructure,Monthly,Startup Funding,"$227,500.00",, 22 Jun 2026,505.4,,$450.14,Open
Feature Branch Testnet and Compatible Developer Tooling,QEDIT,Infrastructure,,1,"$62,500.00",  30 Jun 2026,,,,,Open
Feature Branch Testnet and Compatible Developer Tooling,QEDIT,Infrastructure,,2,"$41,250.00",  30 Sep 2026,,,,,Open
Feature Branch Testnet and Compatible Developer Tooling,QEDIT,Infrastructure,,3,"$41,250.00",  30 Sep 2026,,,,,Open
Feature Branch Testnet and Compatible Developer Tooling,QEDIT,Infrastructure,,4,"$28,750.00",  30 Nov 2026,,,,,Open
Feature Branch Testnet and Compatible Developer Tooling,QEDIT,Infrastructure,,5,"$28,750.00",  30 Nov 2026,,,,,Open
Feature Branch Testnet and Compatible Developer Tooling,QEDIT,Infrastructure,,6,"$5,000.00",2 months after merge,,,,,Open
Feature Branch Testnet and Compatible Developer Tooling,QEDIT,Infrastructure,,7,"$7,500.00",2 months after merge,,,,,Open
Feature Branch Testnet and Compatible Developer Tooling,QEDIT,Infrastructure,,8,"$6,500.00",4 months after merge,,,,,Open
Feature Branch Testnet and Compatible Developer Tooling,QEDIT,Infrastructure,,9,"$6,000.00",6 months after merge,,,,,Open
Zcash Ghana (July 2026 - September 2026),ZcashGH,Community,Monthly,1,"$4,200.00",, 20 Jul 2026,7.6,,$552.63,Completed
Zcash Ghana (July 2026 - September 2026),ZcashGH,Community,,2,"$4,200.00",, 17 Aug 2026,8.2,,$512.20,Completed
Zcash Ghana (July 2026 - September 2026),ZcashGH,Community,,3,"$4,200.00",, 15 Sep 2026,3.8,,"$1,105.26",Completed
Zaino Release Stabilization ,Zingo Labs,Infrastructure,Monthly,Startup Funding,"$50,000.00",, 24 Jun 2026,124.01,,$403.19,Completed
Zaino Release Stabilization ,Zingo Labs,Infrastructure,,1,"$50,000.00",, 6 Jul 2026,109.38,,$457.12,Completed
Zaino Release Stabilization ,Zingo Labs,Infrastructure,,2,"$50,000.00",, 25 Aug 2026,62.11,,$805.02,Completed
Zaino Release Stabilization ,Zingo Labs,Infrastructure,,3,"$50,000.00",, 10 Sep 2026,44.03,,"$1,135.59",Completed
Zcash Türkiye 2026 Q3-4 - 2027 Q1-2-3-4 ,Batuhan,Community,Monthly,Startup Funding,"$4,400.00",, 26 Jun 2026,10.67,,$412.37,Open
Zcash Türkiye 2026 Q3-4 - 2027 Q1-2-3-4 ,Batuhan,Community,,1,"$4,400.00",, 20 Jul 2026,7.97,,$552.07,Open
Zcash Türkiye 2026 Q3-4 - 2027 Q1-2-3-4 ,Batuhan,Community,,2,"$4,400.00",, 19 Aug 2026,8.54,,$515.22,Open
Zcash Türkiye 2026 Q3-4 - 2027 Q1-2-3-4 ,Batuhan,Community,,3,"$4,400.00",  19 Sep 2026,,,,,Open
Zcash Türkiye 2026 Q3-4 - 2027 Q1-2-3-4 ,Batuhan,Community,,4,"$4,400.00",  19 Oct 2026,,,,,Open
Zcash Türkiye 2026 Q3-4 - 2027 Q1-2-3-4 ,Batuhan,Community,,5,"$4,400.00",  19 Nov 2026,,,,,Open
Zcash Türkiye 2026 Q3-4 - 2027 Q1-2-3-4 ,Batuhan,Community,,6,$0.00,  19 Dec 2026,,,,,Open
Zcash Türkiye 2026 Q3-4 - 2027 Q1-2-3-4 ,Batuhan,Community,,7,$0.00,  19 Jan 2027,,,,,Open
Zcash Türkiye 2026 Q3-4 - 2027 Q1-2-3-4 ,Batuhan,Community,,8,$0.00,  19 Feb 2027,,,,,Open
Zcash Türkiye 2026 Q3-4 - 2027 Q1-2-3-4 ,Batuhan,Community,,9,$0.00,  19 Mar 2027,,,,,Open
Zcash Türkiye 2026 Q3-4 - 2027 Q1-2-3-4 ,Batuhan,Community,,10,$0.00,  19 Apr 2027,,,,,Open
Zcash Türkiye 2026 Q3-4 - 2027 Q1-2-3-4 ,Batuhan,Community,,11,$0.00,  19 May 2027,,,,,Open
Zcash Türkiye 2026 Q3-4 - 2027 Q1-2-3-4 ,Batuhan,Community,,12,$0.00,  19 Jun 2027,,,,,Open
Zcash Türkiye 2026 Q3-4 - 2027 Q1-2-3-4 ,Batuhan,Community,,13,$0.00,  19 Jul 2027,,,,,Open
Zcash Türkiye 2026 Q3-4 - 2027 Q1-2-3-4 ,Batuhan,Community,,14,$0.00,  19 Aug 2027,,,,,Open
Zcash Türkiye 2026 Q3-4 - 2027 Q1-2-3-4 ,Batuhan,Community,,15,$0.00,  19 Sep 2027,,,,,Open
Zcash Türkiye 2026 Q3-4 - 2027 Q1-2-3-4 ,Batuhan,Community,,16,$0.00,  19 Oct 2027,,,,,Open
Zcash Türkiye 2026 Q3-4 - 2027 Q1-2-3-4 ,Batuhan,Community,,17,$0.00,  19 Nov 2027,,,,,Open
Zcash Türkiye 2026 Q3-4 - 2027 Q1-2-3-4 ,Batuhan,Community,,18,$0.00,  19 Dec 2027,,,,,Open
Batch-vs-Single Verification Equivalence: Continuous Soundness Fuzzing for Zcash Shielded Verification (incl. Ironwood) ,robustfengbin,Research & Development,Monthly,Startup Funding,"$3,000.00",, 9 Jul 2026,6.4,,$468.75,Open
Batch-vs-Single Verification Equivalence: Continuous Soundness Fuzzing for Zcash Shielded Verification (incl. Ironwood) ,robustfengbin,Research & Development,,1,"$15,000.00",, 27 Jul 2026,30.7,,$488.60,Open
Batch-vs-Single Verification Equivalence: Continuous Soundness Fuzzing for Zcash Shielded Verification (incl. Ironwood) ,robustfengbin,Research & Development,,2,"$15,000.00",, 27 Aug 2026,18.71,,$801.71,Open
Batch-vs-Single Verification Equivalence: Continuous Soundness Fuzzing for Zcash Shielded Verification (incl. Ironwood) ,robustfengbin,Research & Development,,3,"$12,000.00",  29 Sep 2026,,,,,Open
"zaino - Stability, Performance & Testing",Hanh,Infrastructure,Monthly,1,"$50,000.00",, 27 Aug 2026,62.37,,$801.67,Completed
Zcash in the privacy stack,Proof Street,Education,Monthly,1,"$2,500.00",, 17 Aug 2026,4.88,,$512.30,Completed
Zcash in the privacy stack,Proof Street,Education,,2,"$2,500.00",, 7 Sep 2026,2.17,,"$1,152.07",Completed
ZECsy Team in Amsterdam ,readymouse,Community,Milestone,Startup Funding,"$30,000.00",, 22 Jul 2026,58.53,,$512.56,Completed
Zcash Turkiye RLAY HUB Event,Batuhan,Event Sponsorship,Milestone,Startup Funding,"$6,870.00",, 21 Jul 2026,12.51,,$549.16,Completed
Zcash Onboarding @ Web3Lagos Conference 2026 ,Zcash Onboarding,Event Sponsorship,Milestone,Startup Funding,"$8,240.00",, 23 Jul 2026,16.35,,$503.98,Completed
Offensive Security,TechSlayers,Infrastructure,Monthly,1,"$30,000.00",, 28 Aug 2026,37.65,,$796.81,Open
Offensive Security,TechSlayers,Infrastructure,,2,"$29,000.00",  30 Nov 2026,,,,,Open
Offensive Security,TechSlayers,Infrastructure,,3,"$29,000.00",  31 Jan 2027,,,,,Open
ELLIPAL Zcash Ironwood Shielded Transaction Support,ELLIPAL,Wallets,Monthly,Startup Funding,"$10,000.00",, 20 Aug 2026,17.46,,,Open
ELLIPAL Zcash Ironwood Shielded Transaction Support,ELLIPAL,Wallets,,1,"$55,000.00",  31 Oct 2026,,,,,Open
ELLIPAL Zcash Ironwood Shielded Transaction Support,ELLIPAL,Wallets,,2,"$20,000.00",  30 Dec 2026,,,,,Open
ELLIPAL Zcash Ironwood Shielded Transaction Support,ELLIPAL,Wallets,,3,"$10,000.00",  28 Feb 2027,,,,,Open
ELLIPAL Zcash Ironwood Shielded Transaction Support,ELLIPAL,Wallets,,4,$0.00,  31 Mar 2027,,,,,Open
Constant-Time Hardening and Explicit Timing Semantics for Zcash Rust Cryptography,Eryx,Infrastructure,Monthly,1,"$5,000.00",  14 Aug 2026,,,,,Open
Constant-Time Hardening and Explicit Timing Semantics for Zcash Rust Cryptography,Eryx,Infrastructure,,2,"$5,000.00",  1 Sep 2026,,,,,Open
Zcash WalletConnect Integration,Noir Wallet,Infrastructure,Monthly,Startup Funding,"$5,000.00",, 2 Sep 2026,6.14,,$814.33,Open
Zcash WalletConnect Integration,Noir Wallet,Infrastructure,,1,"$5,500.00",  31 Aug 2026,,,,,Open
Zcash WalletConnect Integration,Noir Wallet,Infrastructure,,2,"$7,000.00",  15 Sep 2026,,,,,Open
Zcash WalletConnect Integration,Noir Wallet,Infrastructure,,3,"$9,000.00",  30 Sep 2026,,,,,Open
Zcash WalletConnect Integration,Noir Wallet,Infrastructure,,4,"$5,000.00",  15 Oct 2026,,,,,Open
Zcash WalletConnect Integration,Noir Wallet,Infrastructure,,5,"$8,000.00",  30 Oct 2026,,,,,Open
Zcash WalletConnect Integration,Noir Wallet,Infrastructure,,6,"$5,500.00",  15 Nov 2027,,,,,Open
Zcash WalletConnect Integration,Noir Wallet,Infrastructure,,7,"$5,000.00",  30 Nov 2027,,,,,Open
BTCPayServer Multi-Store GraphQL Client,1337bytes,Non-Wallet Applications,Monthly,1,"$8,400.00",  28 Sep 2026,,,,,Open
BTCPayServer Multi-Store GraphQL Client,1337bytes,Non-Wallet Applications,,2,"$8,400.00",  28 Oct 2026,,,,,Open
Pretty Good Policy for Zcash ,Pretty Good Policy for Zcash,Dedicated Resource,Monthly,Startup Funding,"$248,750.00",, 17 Sep 2026,169.65,,"$1,466.25",Open
Pretty Good Policy for Zcash ,Pretty Good Policy for Zcash,Dedicated Resource,,1,"$158,750.00",  30 Nov 2026,,,,,Open
Pretty Good Policy for Zcash ,Pretty Good Policy for Zcash,Dedicated Resource,,2,"$173,750.00",  28 Feb 2027,,,,,Open
Pretty Good Policy for Zcash ,Pretty Good Policy for Zcash,Dedicated Resource,,3,"$128,750.00",  31 May 2027,,,,,Open
Pretty Good Policy for Zcash ,Pretty Good Policy for Zcash,Dedicated Resource,,4,"$40,000.00",  31 Aug 2027,,,,,Open
"Zcash Hack-to-Dark At Devcon 8, Mumbai",WebZero,Event Sponsorship,Milestone,Startup Funding,"$43,524.00",  31 Aug 2026,,,,,Open
Zcash Arabia (August to December 2026),ZcashArabia,Education,Monthly,Startup Funding,"$7,000.00",, 31 Aug 2026,8.19,,$854.70,Open
Zcash Arabia (August to December 2026),ZcashArabia,Education,,1,"$4,000.00",, 3 Sep 2026,4.23,,$945.63,Open
Zcash Arabia (August to December 2026),ZcashArabia,Education,,2,"$4,000.00",  28 Oct 2026,,,,,Open
Zcash Arabia (August to December 2026),ZcashArabia,Education,,3,"$4,000.00",  28 Nov 2026,,,,,Open
Zcash Arabia (August to December 2026),ZcashArabia,Education,,4,"$4,000.00",  28 Dec 2026,,,,,Open
Zcash Arabia (August to December 2026),ZcashArabia,Education,,5,"$4,000.00",  28 Dec 2026,,,,,Open
"ZECsy Community Building: 12 Months of Zcash on the Ground [Revised]
 ",readymouse,Community,Monthly,Startup Funding,"$45,833.00",, 1 Sep 2026,55.4,,$827.31,Open
"ZECsy Community Building: 12 Months of Zcash on the Ground [Revised]
 ",readymouse,Community,,1,"$45,833.00",  30 Sep 2026,,,,,Open
"ZECsy Community Building: 12 Months of Zcash on the Ground [Revised]
 ",readymouse,Community,,2,"$45,833.00",  31 Oct 2026,,,,,Open
"ZECsy Community Building: 12 Months of Zcash on the Ground [Revised]
 ",readymouse,Community,,3,"$45,833.00",  30 Nov 2026,,,,,Open
"ZECsy Community Building: 12 Months of Zcash on the Ground [Revised]
 ",readymouse,Community,,4,"$45,833.00",  31 Dec 2026,,,,,Open
"ZECsy Community Building: 12 Months of Zcash on the Ground [Revised]
 ",readymouse,Community,,5,"$45,833.00",  31 Jan 2027,,,,,Open
"ZECsy Community Building: 12 Months of Zcash on the Ground [Revised]
 ",readymouse,Community,,6,"$45,833.00",  28 Feb 2027,,,,,Open
"ZECsy Community Building: 12 Months of Zcash on the Ground [Revised]
 ",readymouse,Community,,7,"$45,833.00",  31 Mar 2027,,,,,Open
"ZECsy Community Building: 12 Months of Zcash on the Ground [Revised]
 ",readymouse,Community,,8,"$45,833.00",  30 Apr 2027,,,,,Open
"ZECsy Community Building: 12 Months of Zcash on the Ground [Revised]
 ",readymouse,Community,,9,"$49,000.00",  31 May 2027,,,,,Open
"Zcash World, Mumbai (Devcon 8 week)",Zcash India,Community,Milestone,Startup Funding,"$8,000.00",  30 Sep 2026,,,,,Open
"Zcash World, Mumbai (Devcon 8 week)",Zcash India,Community,,1,"$8,800.00",  15 Nov 2026,,,,,Open
"Zcash World, Mumbai (Devcon 8 week)",Zcash India,Community,,2,"$3,500.00",  30 Nov 2026,,,,,Open
24 Videos @zkMarketer,Connaugh,Education,Monthly,1,"$20,000.00",  12 Oct 2026,,,,,Open
24 Videos @zkMarketer,Connaugh,Education,,2,"$20,000.00",  9 Nov 2026,,,,,Open
24 Videos @zkMarketer,Connaugh,Education,,3,"$20,000.00",  7 Dec 2026,,,,,Open
Colosseum | Crypto World's Fair | Zcash Track,Colosseum,Event Sponsorship,Milestone,1,"$150,000.00",  13 Oct 2026,,,,,Open